airline_origin,min_taxi,max_taxi,avg_taxi
9E-ALB,0.0,101.0,26.544369
9E-ALO,0.0,83.0,24.945423
9E-ATL,9.0,300.0,29.654678
9E-ATW,0.0,191.0,27.141863
9E-AUS,0.0,104.0,24.830795
9E-AVL,0.0,168.0,26.959259
9E-AVP,0.0,107.0,28.39558
9E-AZO,0.0,152.0,26.152184
9E-BGM,0.0,157.0,25.590557
9E-BGR,0.0,209.0,29.328535
9E-BIL,12.0,101.0,27.975
9E-BIS,0.0,93.0,21.57887
9E-BJI,0.0,99.0,20.079601
9E-BNA,0.0,158.0,27.598892
9E-BTV,0.0,163.0,30.559055
9E-BZN,0.0,85.0,36.1875
9E-CAK,0.0,138.0,28.013775
9E-CHA,0.0,77.0,20.566536
9E-CHS,0.0,122.0,26.180384
9E-CLE,0.0,154.0,29.470041
9E-CLT,0.0,314.0,27.271763
9E-CPR,0.0,109.0,28.745726
9E-CVG,0.0,190.0,29.143036
9E-CWA,0.0,123.0,24.795454
9E-DCA,0.0,255.0,25.272577
9E-DEN,0.0,100.0,29.393913
9E-DLH,0.0,142.0,27.914392
9E-DTW,0.0,193.0,26.94894
9E-EAU,0.0,52.0,21.541666
9E-FAR,0.0,170.0,22.99152
9E-FNT,0.0,116.0,23.586658
9E-FSD,0.0,90.0,23.727411
9E-FSM,0.0,131.0,19.473965
9E-GFK,0.0,98.0,20.85124
9E-GPT,0.0,122.0,18.866154
9E-HLN,0.0,91.0,28.203194
9E-IAD,0.0,163.0,33.55963
9E-ICT,0.0,135.0,23.699553
9E-JAN,0.0,156.0,23.760672
9E-JAX,0.0,211.0,22.217175
9E-LEX,0.0,176.0,25.415209
9E-LGA,0.0,281.0,38.63069
9E-LIT,0.0,117.0,28.003592
9E-LNK,0.0,129.0,23.020922
9E-LSE,0.0,119.0,21.164984
9E-MCO,23.0,23.0,23.0
9E-MEM,0.0,230.0,24.94663
9E-MKE,15.0,149.0,27.887096
9E-MSY,17.0,51.0,28.6
9E-OKC,0.0,184.0,26.550974
9E-OMA,0.0,140.0,25.543478
9E-PFN,0.0,110.0,18.660185
9E-PIA,0.0,102.0,29.40555
9E-PIR,14.0,30.0,19.666666
9E-PIT,0.0,218.0,27.862192
9E-PNS,0.0,92.0,19.160666
9E-PWM,0.0,129.0,28.438288
9E-RAP,0.0,73.0,24.18441
9E-RDU,0.0,101.0,23.136377
9E-RIC,0.0,176.0,26.05832
9E-ROA,0.0,152.0,27.955706
9E-ROC,0.0,145.0,30.262365
9E-RSW,0.0,61.0,26.258503
9E-SCE,0.0,109.0,27.090584
9E-SDF,0.0,120.0,23.773165
9E-SLC,0.0,83.0,34.685715
9E-SUX,0.0,210.0,21.567442
9E-SWF,0.0,122.0,30.35021
9E-TLH,0.0,93.0,18.594988
9E-TVC,0.0,148.0,28.818804
9E-XNA,0.0,168.0,26.21527
AA-ABQ,0.0,619.0,23.43472
AA-ALB,0.0,1015.0,25.517689
AA-ANC,0.0,73.0,22.353323
AA-AUS,0.0,1380.0,21.574503
AA-BDL,0.0,980.0,24.51431
AA-BHM,0.0,896.0,23.293888
AA-BNA,0.0,946.0,22.455622
AA-BWI,0.0,978.0,25.061935
AA-CLT,0.0,924.0,26.655628
AA-CVG,0.0,938.0,29.284353
AA-DAL,0.0,174.0,19.348038
AA-DCA,0.0,1450.0,23.86697
AA-DEN,0.0,932.0,26.040966
AA-EGE,0.0,824.0,34.012024
AA-ELP,0.0,754.0,23.252111
AA-EWR,0.0,1032.0,32.528015
AA-FAT,0.0,978.0,25.59517
AA-FLL,0.0,1520.0,26.477911
AA-GSO,0.0,884.0,24.513184
AA-HNL,0.0,1450.0,24.626253
AA-HPN,0.0,987.0,26.70983
AA-IAH,0.0,1003.0,25.636541
AA-ICT,0.0,366.0,22.742485
AA-IND,0.0,862.0,24.624468
AA-JAX,0.0,687.0,24.35008
AA-KOA,0.0,1437.0,19.310936
AA-LAX,0.0,1450.0,25.60607
AA-LGA,0.0,1558.0,33.829464
AA-LIH,0.0,1430.0,18.69987
AA-MCI,0.0,1011.0,23.27738
AA-MCO,0.0,1367.0,22.960764
AA-MDT,0.0,915.0,22.09746
AA-MDW,0.0,1407.0,28.16907
AA-MFE,0.0,899.0,20.231236
AA-MIA,0.0,1425.0,26.262442
AA-MLI,0.0,130.0,15.741111
AA-MSP,0.0,911.0,27.275114
AA-MSY,0.0,1348.0,21.148584
AA-MTJ,0.0,540.0,28.324268
AA-OAK,0.0,901.0,26.463707
AA-ONT,0.0,827.0,23.71284
AA-ORF,0.0,673.0,23.906631
AA-PBI,0.0,910.0,23.70992
AA-PSP,0.0,788.0,23.380648
AA-PVD,0.0,926.0,26.07922
AA-RSW,0.0,849.0,23.03039
AA-SAN,0.0,1022.0,26.49852
AA-SAT,0.0,951.0,22.32891
AA-SGF,0.0,830.0,20.038054
AA-SHV,29.0,29.0,29.0
AA-SJC,0.0,1435.0,23.643648
AA-SJU,0.0,863.0,23.118822
AA-SLC,0.0,984.0,28.595266
AA-STT,0.0,587.0,21.959248
AA-STX,0.0,507.0,22.605404
AA-TPA,0.0,916.0,22.221893
AQ-HNL,0.0,149.0,13.054009
AQ-ITO,0.0,43.0,9.98386
AQ-KOA,0.0,73.0,10.364183
AQ-LAS,7.0,77.0,17.113043
AQ-LIH,0.0,72.0,8.248087
AQ-OAK,0.0,312.0,14.634844
AQ-OGG,0.0,252.0,9.493339
AQ-SAN,0.0,78.0,18.286108
AQ-SMF,0.0,84.0,16.770992
AS-ADK,0.0,24.0,9.447323
AS-ADQ,0.0,1443.0,9.708394
AS-AKN,0.0,37.0,8.785281
AS-ANC,0.0,1409.0,16.47803
AS-BOI,0.0,56.0,18.698599
AS-DCA,0.0,257.0,23.272696
AS-DFW,0.0,198.0,26.497597
AS-DLG,0.0,31.0,9.028663
AS-DUT,0.0,32.0,6.5354476
AS-EWR,0.0,221.0,36.841515
AS-GEG,0.0,145.0,18.738205
AS-LAS,0.0,144.0,23.026545
AS-LAX,0.0,153.0,19.743725
AS-MIA,0.0,74.0,24.033144
AS-MSP,12.0,56.0,23.592308
AS-ORD,0.0,251.0,30.197735
AS-PHX,0.0,182.0,19.571913
AS-PSG,0.0,60.0,9.8614
AS-RNO,0.0,115.0,18.493502
AS-SAN,0.0,137.0,20.33351
AS-SIT,0.0,1401.0,15.037241
AS-SNA,0.0,1441.0,18.344912
B6-AUS,0.0,367.0,22.79973
B6-BNA,0.0,519.0,25.062458
B6-BUR,0.0,264.0,24.925463
B6-CLT,0.0,215.0,31.4683
B6-CMH,0.0,166.0,21.902784
B6-DEN,0.0,225.0,22.457586
B6-FLL,0.0,272.0,25.016594
B6-HPN,0.0,213.0,23.335484
B6-IAD,0.0,260.0,25.085058
B6-JAX,0.0,219.0,24.084572
B6-JFK,0.0,438.0,33.852245
B6-LAS,0.0,250.0,25.864973
B6-LGA,0.0,207.0,29.171106
B6-MSY,0.0,230.0,20.65133
B6-ORD,0.0,249.0,29.939356
B6-PBI,0.0,286.0,21.47655
B6-PDX,0.0,91.0,21.392832
B6-PIT,0.0,216.0,25.891685
B6-PWM,0.0,231.0,23.81322
B6-RIC,0.0,322.0,21.987011
B6-ROC,0.0,177.0,21.162323
B6-RSW,0.0,560.0,21.645716
B6-SEA,0.0,211.0,23.352863
B6-SFO,0.0,161.0,26.131174
B6-SJC,0.0,119.0,20.222017
B6-SLC,0.0,113.0,22.52357
B6-SRQ,0.0,138.0,20.897367
B6-TPA,0.0,255.0,21.46374
B6-TUS,0.0,84.0,18.919659
CO-ATL,0.0,313.0,30.869118
CO-AUS,0.0,376.0,24.793293
CO-BTR,0.0,177.0,23.85426
CO-BUF,0.0,193.0,21.202934
CO-BWI,0.0,231.0,22.22741
CO-CHS,0.0,118.0,20.482279
CO-COS,0.0,98.0,23.853054
CO-CRP,0.0,114.0,17.650883
CO-CVG,0.0,72.0,19.4
CO-DAB,0.0,189.0,27.446444
CO-DCA,0.0,239.0,26.13645
CO-DEN,0.0,203.0,25.265028
CO-DTW,0.0,254.0,27.821613
CO-EWR,0.0,391.0,35.348804
CO-GSO,0.0,150.0,21.667322
CO-HOU,0.0,194.0,18.441654
CO-IAD,0.0,221.0,27.846893
CO-IAH,0.0,391.0,28.426039
CO-IND,0.0,236.0,25.624506
CO-JAC,0.0,140.0,26.534391
CO-JFK,0.0,288.0,37.70461
CO-LAS,0.0,179.0,27.74554
CO-LFT,0.0,114.0,21.571135
CO-LIT,10.0,36.0,20.75
CO-MCI,0.0,153.0,21.64993
CO-MCO,0.0,240.0,24.8506
CO-MDW,0.0,223.0,29.082932
CO-MIA,0.0,263.0,26.35214
CO-MKE,0.0,96.0,19.795977
CO-MSP,0.0,226.0,28.797422
CO-MTJ,0.0,117.0,23.830875
CO-MYR,0.0,185.0,23.85119
CO-OAK,0.0,130.0,22.936083
CO-ONT,0.0,139.0,20.546812
CO-ORD,0.0,297.0,31.426857
CO-ORF,0.0,129.0,20.82824
CO-PDX,0.0,151.0,22.458761
CO-PHL,0.0,260.0,29.273338
CO-PNS,0.0,79.0,16.79719
CO-PSE,0.0,56.0,23.553692
CO-PSP,10.0,67.0,18.731428
CO-PWM,10.0,92.0,25.295082
CO-RDU,0.0,245.0,23.860249
CO-RNO,0.0,101.0,21.781456
CO-RSW,0.0,272.0,22.790218
CO-SAV,0.0,143.0,28.319067
CO-SRQ,0.0,190.0,22.728575
CO-STL,0.0,208.0,27.090559
CO-STT,0.0,127.0,26.047413
CO-TPA,0.0,269.0,23.596546
CO-TUS,0.0,178.0,19.921715
DH-ABE,0.0,205.0,17.194445
DH-ALB,0.0,192.0,21.742422
DH-ATW,0.0,307.0,16.261143
DH-AVP,0.0,195.0,24.737263
DH-AZO,0.0,128.0,14.8840065
DH-BGM,0.0,122.0,13.916161
DH-BGR,0.0,80.0,14.333964
DH-BHM,0.0,155.0,26.570278
DH-BMI,0.0,134.0,23.887407
DH-BNA,0.0,184.0,19.884163
DH-BOS,0.0,570.0,22.145992
DH-BTV,0.0,259.0,20.26965
DH-CAE,0.0,152.0,17.975855
DH-CAK,0.0,144.0,27.497751
DH-CHO,0.0,179.0,11.572547
DH-CHS,0.0,169.0,20.027645
DH-CID,0.0,140.0,18.761496
DH-CLE,0.0,303.0,19.762009
DH-CMH,0.0,162.0,16.748333
DH-CMI,0.0,120.0,15.717349
DH-DAY,0.0,177.0,17.058416
DH-DCA,0.0,72.0,22.885454
DH-ERI,0.0,182.0,17.297016
DH-EVV,0.0,71.0,14.467775
DH-FNT,0.0,73.0,15.583333
DH-FSD,0.0,160.0,26.239334
DH-FWA,0.0,127.0,18.051332
DH-GRB,0.0,55.0,15.853488
DH-GRR,0.0,169.0,23.484203
DH-HPN,0.0,264.0,23.548227
DH-HSV,0.0,82.0,16.355812
DH-IND,0.0,175.0,20.949606
DH-JFK,0.0,347.0,27.197601
DH-LAN,0.0,163.0,16.949917
DH-LAS,0.0,105.0,30.264957
DH-LNK,0.0,194.0,25.952227
DH-MBS,0.0,192.0,26.316631
DH-MDT,0.0,199.0,19.825573
DH-MEM,0.0,211.0,22.89729
DH-MHT,0.0,290.0,22.826582
DH-MLI,0.0,112.0,22.695295
DH-MSN,0.0,132.0,14.912148
DH-MSY,0.0,93.0,20.781754
DH-ORD,0.0,622.0,25.896536
DH-RDU,0.0,1374.0,17.663452
DH-ROA,0.0,936.0,16.936655
DH-ROC,0.0,148.0,18.655254
DH-RSW,0.0,128.0,23.919672
DH-SAN,15.0,71.0,27.964647
DH-SEA,0.0,40.0,25.251257
DH-SFO,0.0,74.0,28.506384
DH-SJU,19.0,84.0,33.25
DH-TOL,0.0,157.0,14.15448
DH-TPA,0.0,126.0,20.06211
DH-TUL,0.0,176.0,29.40882
DH-TVC,0.0,73.0,20.907822
DH-TYS,0.0,274.0,18.056454
DH-XNA,0.0,48.0,15.471502
DL-ABE,0.0,96.0,18.357063
DL-ALB,0.0,192.0,22.965773
DL-ATL,0.0,1489.0,26.405767
DL-BHM,0.0,160.0,22.589226
DL-BIL,0.0,182.0,18.33545
DL-BNA,0.0,190.0,24.802534
DL-BOS,0.0,270.0,26.220243
DL-BTR,0.0,146.0,19.798773
DL-BUR,0.0,51.0,24.291765
DL-BWI,0.0,284.0,24.668978
DL-CAK,0.0,96.0,23.287823
DL-CHS,0.0,144.0,23.031342
DL-CLE,0.0,190.0,23.553097
DL-CLT,0.0,273.0,29.242788
DL-COS,0.0,195.0,24.429098
DL-DAY,0.0,177.0,23.958149
DL-EGE,0.0,144.0,28.287474
DL-ELP,0.0,146.0,21.519005
DL-EWR,0.0,302.0,30.551342
DL-FAY,13.0,34.0,21.069767
DL-FCA,0.0,60.0,16.47068
DL-FLL,0.0,237.0,27.21385
DL-GEG,0.0,137.0,18.95195
DL-GPT,0.0,108.0,23.099733
DL-GRR,0.0,112.0,19.865877
DL-GTF,0.0,96.0,15.519377
DL-HDN,0.0,138.0,24.496063
DL-HLN,0.0,113.0,14.859392
DL-HSV,0.0,180.0,23.351076
DL-ICT,0.0,77.0,25.70886
DL-IND,0.0,214.0,23.819056
DL-ISP,0.0,146.0,19.993713
DL-JAC,0.0,111.0,21.625786
DL-LEX,0.0,204.0,20.572037
DL-LGA,0.0,302.0,32.313965
DL-LIT,0.0,143.0,21.16341
DL-MGM,0.0,59.0,18.066599
DL-MHT,0.0,219.0,24.098204
DL-MLB,0.0,233.0,21.881151
DL-MSY,0.0,233.0,22.1937
DL-OGG,0.0,74.0,19.12737
DL-PBI,0.0,191.0,23.637585
DL-PIT,0.0,160.0,25.986126
DL-PNS,0.0,181.0,21.781342
DL-PSC,0.0,114.0,15.5603075
DL-PSP,0.0,63.0,19.435465
DL-PVD,0.0,191.0,23.117556
DL-PWM,0.0,223.0,21.53662
DL-RDU,0.0,235.0,23.517065
DL-ROC,0.0,141.0,22.123917
DL-RSW,0.0,1442.0,23.94603
DL-SAN,0.0,212.0,24.872879
DL-SAV,0.0,164.0,22.440527
DL-SBN,0.0,43.0,17.127274
DL-SEA,0.0,273.0,25.128244
DL-SRQ,0.0,209.0,21.235191
DL-STL,0.0,180.0,24.613451
DL-STT,0.0,409.0,25.267046
DL-SYR,0.0,199.0,22.818045
DL-TLH,0.0,205.0,20.78614
DL-TPA,0.0,248.0,22.887722
DL-TYS,0.0,1447.0,23.783592
EV-ABE,0.0,1501.0,33.852364
EV-ABQ,0.0,38.0,17.347826
EV-ACY,0.0,143.0,24.420143
EV-AEX,0.0,1475.0,24.005936
EV-AGS,0.0,1570.0,21.11411
EV-APF,0.0,1457.0,22.670887
EV-AUS,0.0,1574.0,35.84028
EV-AVL,0.0,1472.0,20.405571
EV-AVP,0.0,1496.0,27.82547
EV-BGM,0.0,87.0,25.416527
EV-BHM,0.0,1454.0,21.98119
EV-BMI,0.0,115.0,25.170052
EV-BOS,0.0,147.0,29.355755
EV-BPT,0.0,107.0,15.055871
EV-BTV,0.0,99.0,27.166666
EV-BUF,0.0,1691.0,27.05011
EV-BZN,0.0,1485.0,23.402332
EV-CRP,0.0,1493.0,25.045397
EV-CVG,0.0,1709.0,63.039074
EV-DCA,0.0,1471.0,22.523502
EV-DEN,0.0,1469.0,23.58906
EV-DFW,0.0,1701.0,39.26317
EV-DHN,0.0,1497.0,18.53507
EV-DTW,0.0,1516.0,35.679596
EV-ERI,0.0,97.0,20.231724
EV-EVV,0.0,1575.0,22.455069
EV-EWN,0.0,135.0,20.449528
EV-EWR,0.0,144.0,32.546627
EV-FAY,0.0,1470.0,21.031301
EV-FCA,0.0,45.0,16.183674
EV-FLL,0.0,153.0,22.651428
EV-FSD,0.0,76.0,22.670588
EV-GEG,0.0,60.0,16.935408
EV-GRB,0.0,58.0,19.024752
EV-GRR,0.0,1483.0,25.192408
EV-GTR,0.0,1488.0,21.404558
EV-HDN,0.0,40.0,16.112246
EV-HOU,0.0,1512.0,23.49373
EV-HSV,0.0,1516.0,22.697752
EV-IAD,0.0,1505.0,35.37761
EV-ICT,0.0,1473.0,25.198208
EV-ILE,0.0,39.0,14.871007
EV-ILM,0.0,1487.0,22.29212
EV-ISP,0.0,1528.0,25.300106
EV-JAN,0.0,1500.0,22.779202
EV-LAS,0.0,1477.0,27.818245
EV-LBB,0.0,1452.0,17.972591
EV-LEX,0.0,1480.0,20.955679
EV-LFT,0.0,1463.0,22.764605
EV-LIT,0.0,1516.0,25.223362
EV-LWB,0.0,1454.0,21.289593
EV-MCI,0.0,117.0,20.738428
EV-MEI,0.0,1460.0,22.520857
EV-MHT,0.0,1486.0,25.118093
EV-MKE,0.0,1482.0,25.757708
EV-MLI,0.0,1472.0,25.204744
EV-MLU,0.0,1471.0,21.375475
EV-MSN,0.0,1465.0,25.184496
EV-MSO,0.0,72.0,12.856618
EV-MTH,0.0,107.0,27.625
EV-OAJ,0.0,128.0,21.704947
EV-OAK,0.0,1460.0,23.981995
EV-ONT,0.0,1459.0,22.287746
EV-ORD,0.0,1495.0,28.46834
EV-PDX,0.0,46.0,16.457926
EV-PFN,0.0,1479.0,20.63101
EV-PHL,0.0,158.0,31.898417
EV-PHX,0.0,169.0,23.124601
EV-PIA,0.0,1476.0,25.108011
EV-PIH,1454.0,1454.0,1454.0
EV-PIT,0.0,1476.0,25.05315
EV-PNS,0.0,1464.0,18.339905
EV-PSC,0.0,68.0,17.301205
EV-PSP,0.0,54.0,15.629428
EV-PVU,17.0,17.0,17.0
EV-RAP,8.0,36.0,16.88
EV-RDU,0.0,1526.0,24.37005
EV-RIC,0.0,1475.0,22.081173
EV-ROA,0.0,1493.0,23.186207
EV-ROC,0.0,1473.0,27.34015
EV-RSW,10.0,28.0,17.0
EV-SAN,0.0,1460.0,24.056768
EV-SAT,0.0,1496.0,27.478828
EV-SAV,0.0,1453.0,21.62714
EV-SGF,0.0,1453.0,24.732136
EV-SMF,0.0,1471.0,23.13482
EV-SNA,0.0,680.0,28.241102
EV-SOP,0.0,78.0,21.865204
EV-SRQ,0.0,1457.0,23.6108
EV-STL,0.0,1537.0,29.026676
EV-TOL,0.0,1466.0,22.412233
EV-TPA,0.0,1456.0,17.164429
EV-TUL,0.0,1520.0,21.57676
EV-VLD,0.0,1485.0,18.287205
EV-VPS,0.0,1480.0,21.818722
F9-ATL,0.0,150.0,25.855682
F9-AUS,0.0,136.0,18.878756
F9-BDL,0.0,56.0,22.015415
F9-CAK,0.0,159.0,19.553167
F9-CLT,20.0,20.0,20.0
F9-DTW,0.0,144.0,24.41159
F9-ELP,17.0,21.0,19.333334
F9-IND,0.0,156.0,20.327085
F9-LGA,0.0,253.0,35.32219
F9-MCO,0.0,149.0,23.140854
F9-MDW,0.0,229.0,22.60742
F9-MSY,0.0,40.0,15.522876
F9-PHX,0.0,151.0,21.553568
F9-RNO,0.0,58.0,17.40904
F9-RSW,0.0,156.0,22.593353
F9-SAN,0.0,154.0,22.0654
F9-STL,0.0,184.0,21.423653
F9-TPA,0.0,131.0,22.422491
FL-CAK,0.0,192.0,20.279213
FL-CHS,0.0,126.0,20.38315
FL-CLT,0.0,210.0,25.27561
FL-CMH,10.0,58.0,20.554502
FL-DAY,0.0,155.0,20.025303
FL-DEN,0.0,208.0,23.456518
FL-EWR,0.0,402.0,33.533367
FL-GPT,0.0,150.0,17.430285
FL-HOU,0.0,215.0,20.747158
FL-IND,0.0,178.0,20.210897
FL-LAS,0.0,214.0,24.637571
FL-MDT,12.0,37.0,21.47619
FL-MDW,0.0,229.0,21.729189
FL-MEM,0.0,220.0,22.421871
FL-MIA,0.0,196.0,25.636688
FL-MKE,0.0,875.0,21.92777
FL-MSY,0.0,187.0,19.892746
FL-MYR,0.0,221.0,19.932531
FL-PBI,0.0,138.0,20.950216
FL-PHF,0.0,200.0,20.317928
FL-PHL,0.0,239.0,28.622948
FL-PHX,0.0,69.0,21.09
FL-PIT,0.0,172.0,23.33991
FL-PWM,0.0,202.0,19.441977
FL-RDU,0.0,165.0,21.337664
FL-RIC,0.0,191.0,20.96495
FL-SAT,11.0,100.0,24.267372
FL-SEA,0.0,104.0,24.298517
FL-SFO,0.0,236.0,25.2919
FL-TPA,0.0,306.0,19.903833
HA-ANC,13.0,21.0,17.0
HA-HNL,0.0,1435.0,16.382748
HA-LAS,0.0,102.0,24.15624
HA-OAK,10.0,35.0,19.421875
HA-PHX,0.0,91.0,23.18336
HA-SEA,0.0,102.0,21.40438
HA-SJC,0.0,60.0,18.890757
HA-SMF,0.0,72.0,17.96271
HP-ABQ,0.0,150.0,20.58124
HP-ATL,0.0,237.0,27.988941
HP-AUS,0.0,149.0,19.870974
HP-BOI,0.0,66.0,17.393291
HP-BOS,0.0,212.0,28.908916
HP-COS,0.0,169.0,21.305182
HP-DEN,0.0,196.0,20.202154
HP-DTW,0.0,242.0,23.93022
HP-ELP,0.0,103.0,20.093964
HP-GEG,0.0,137.0,16.428162
HP-HNL,0.0,44.0,25.375
HP-IAH,0.0,166.0,23.033323
HP-ICT,0.0,67.0,17.698347
HP-IND,0.0,119.0,23.699976
HP-JFK,0.0,337.0,31.627808
HP-LAX,0.0,215.0,18.57367
HP-LGA,20.0,36.0,28.0
HP-MCI,0.0,119.0,19.873964
HP-MCO,0.0,166.0,20.901691
HP-MDW,0.0,43.0,15.771428
HP-MKE,0.0,133.0,22.356665
HP-MSP,0.0,212.0,26.030188
HP-OGG,15.0,37.0,21.1875
HP-PDX,0.0,80.0,15.914298
HP-PHL,0.0,261.0,31.100286
HP-RNO,0.0,138.0,16.059961
HP-SFO,0.0,168.0,19.261002
HP-SJC,0.0,201.0,18.639442
HP-SMF,0.0,104.0,15.735068
HP-STL,0.0,120.0,22.483858
HP-TPA,0.0,150.0,23.565907
HP-TUS,0.0,100.0,17.450922
MQ-ABQ,0.0,562.0,25.907438
MQ-ACT,0.0,234.0,20.848778
MQ-BGR,0.0,1037.0,17.435965
MQ-BOS,0.0,943.0,23.601292
MQ-BPT,0.0,41.0,20.111979
MQ-BTR,0.0,935.0,19.540083
MQ-BUF,0.0,986.0,25.096207
MQ-BWI,0.0,1029.0,20.476166
MQ-CAE,0.0,524.0,22.276667
MQ-CHA,0.0,979.0,20.673506
MQ-CLE,0.0,1018.0,26.12709
MQ-CLL,0.0,128.0,20.565382
MQ-CLT,0.0,929.0,29.969503
MQ-CMH,0.0,1090.0,23.418224
MQ-CMI,0.0,891.0,21.029285
MQ-COS,0.0,209.0,24.620014
MQ-CWA,7.0,133.0,21.16639
MQ-DAL,0.0,162.0,17.50175
MQ-DAY,0.0,985.0,25.085836
MQ-DBQ,0.0,668.0,19.187983
MQ-DCA,0.0,1302.0,22.426844
MQ-DFW,0.0,1448.0,21.62513
MQ-DLH,0.0,96.0,18.83311
MQ-ELP,10.0,49.0,21.74
MQ-EWR,0.0,845.0,25.288877
MQ-EYW,0.0,98.0,19.537897
MQ-FAT,0.0,1064.0,17.654335
MQ-FNT,0.0,220.0,24.05068
MQ-FSD,0.0,1004.0,26.700386
MQ-FSM,0.0,935.0,19.484858
MQ-GGG,0.0,995.0,20.77675
MQ-GJT,7.0,176.0,21.469595
MQ-GPT,0.0,243.0,20.737827
MQ-GRB,0.0,516.0,17.930357
MQ-GRR,0.0,1088.0,23.915024
MQ-GSO,0.0,1010.0,25.496935
MQ-GSP,0.0,1031.0,22.983582
MQ-HPN,0.0,931.0,26.947697
MQ-IAD,0.0,848.0,25.96044
MQ-ICT,0.0,918.0,21.327248
MQ-ILE,0.0,1044.0,22.159672
MQ-IND,0.0,927.0,23.93546
MQ-JAN,0.0,954.0,20.279203
MQ-JAX,0.0,324.0,20.84168
MQ-JFK,0.0,648.0,29.642805
MQ-LAS,0.0,109.0,26.441702
MQ-LBB,0.0,990.0,18.590755
MQ-LEX,0.0,228.0,22.762083
MQ-LFT,0.0,131.0,22.813484
MQ-LGA,0.0,1462.0,30.76229
MQ-LSE,0.0,703.0,20.800688
MQ-MAF,0.0,660.0,18.134659
MQ-MAZ,9.0,32.0,18.133333
MQ-MCI,0.0,128.0,15.739716
MQ-MDW,0.0,460.0,26.25067
MQ-MKE,0.0,1002.0,23.881304
MQ-MOB,0.0,299.0,18.885578
MQ-MQT,0.0,984.0,17.494825
MQ-MSN,0.0,1328.0,22.34328
MQ-MSY,11.0,88.0,26.037037
MQ-OAK,0.0,927.0,21.117432
MQ-OMA,0.0,983.0,24.325823
MQ-ORF,0.0,913.0,21.585215
MQ-PHL,0.0,943.0,24.764896
MQ-PHX,0.0,996.0,19.587301
MQ-PIA,0.0,265.0,19.823841
MQ-PIT,0.0,974.0,23.802168
MQ-PVD,0.0,966.0,22.546507
MQ-PWM,0.0,992.0,19.898314
MQ-RIC,0.0,1013.0,22.663704
MQ-ROC,0.0,917.0,25.113316
MQ-ROW,0.0,132.0,16.688345
MQ-SAN,0.0,983.0,18.249454
MQ-SAV,0.0,865.0,22.985086
MQ-SBA,0.0,1011.0,18.13498
MQ-SDF,0.0,938.0,23.683634
MQ-SFO,0.0,1414.0,20.163584
MQ-SGF,0.0,939.0,21.387922
MQ-SHV,0.0,802.0,18.5529
MQ-SJT,0.0,705.0,19.011765
MQ-SPI,7.0,86.0,23.43
MQ-STT,0.0,31.0,17.064516
MQ-STX,20.0,20.0,20.0
MQ-SWF,0.0,1001.0,24.185047
MQ-SYR,0.0,905.0,24.495378
MQ-TPA,0.0,95.0,19.95352
MQ-TUL,0.0,640.0,20.984165
MQ-TXK,0.0,451.0,19.502611
MQ-TYS,0.0,940.0,23.414309
MQ-XNA,0.0,1302.0,21.02524
NW-ABE,0.0,131.0,20.382854
NW-ABQ,0.0,163.0,22.606947
NW-ATL,0.0,250.0,27.436892
NW-AUS,0.0,129.0,20.623253
NW-AZO,0.0,251.0,21.997753
NW-BDL,0.0,210.0,24.443577
NW-BIL,0.0,140.0,18.443007
NW-BOS,0.0,219.0,28.059834
NW-BTV,0.0,61.0,23.45609
NW-BUF,0.0,165.0,24.137167
NW-BWI,0.0,221.0,24.65684
NW-BZN,0.0,133.0,21.996212
NW-CLE,0.0,253.0,26.571692
NW-CMH,0.0,215.0,21.658665
NW-DCA,0.0,221.0,23.774403
NW-DEN,0.0,231.0,23.886717
NW-DFW,0.0,224.0,25.61917
NW-DTW,0.0,291.0,26.0411
NW-EWR,0.0,302.0,28.979338
NW-FAR,0.0,206.0,18.25837
NW-FLL,0.0,222.0,27.499638
NW-FNT,0.0,227.0,23.061985
NW-FWA,0.0,118.0,20.186705
NW-GFK,0.0,142.0,16.37281
NW-GPT,0.0,107.0,16.512787
NW-GRR,0.0,184.0,21.051067
NW-GSO,0.0,143.0,26.054636
NW-HDN,0.0,144.0,24.016167
NW-HNL,0.0,146.0,26.974346
NW-HOU,0.0,89.0,20.216923
NW-IAD,0.0,211.0,26.030874
NW-IND,0.0,166.0,24.2009
NW-JAN,0.0,110.0,16.915764
NW-KOA,0.0,88.0,21.276596
NW-LEX,0.0,100.0,21.277592
NW-LGA,0.0,297.0,32.9524
NW-LSE,0.0,115.0,17.043446
NW-MBS,0.0,166.0,20.395838
NW-MCI,0.0,194.0,21.14033
NW-MCO,0.0,201.0,25.407507
NW-MHT,0.0,197.0,25.983952
NW-MIA,0.0,193.0,24.472979
NW-MIB,0.0,33.0,12.617977
NW-MKE,0.0,177.0,23.079468
NW-MSN,0.0,193.0,22.00891
NW-MSP,0.0,386.0,25.283258
NW-MYR,0.0,92.0,24.42527
NW-OGG,0.0,82.0,19.170883
NW-OKC,0.0,145.0,17.263645
NW-OMA,0.0,208.0,19.500288
NW-ONT,0.0,148.0,20.425526
NW-ORD,0.0,241.0,25.015656
NW-ORF,0.0,187.0,22.263472
NW-PHL,0.0,279.0,29.913265
NW-PIT,0.0,192.0,25.462631
NW-PSP,0.0,88.0,20.13
NW-RDU,0.0,148.0,22.644182
NW-RIC,0.0,133.0,21.76069
NW-ROC,0.0,193.0,23.572498
NW-SAT,0.0,136.0,20.820364
NW-SAV,0.0,69.0,30.519773
NW-SBN,0.0,53.0,17.726963
NW-SDF,0.0,144.0,21.043095
NW-SEA,0.0,183.0,25.273228
NW-SGF,0.0,124.0,18.284906
NW-SLC,0.0,196.0,25.08013
NW-SMF,0.0,105.0,20.994108
NW-SRQ,0.0,84.0,23.803194
NW-SYR,0.0,164.0,26.63801
NW-TUS,0.0,88.0,21.164371
NW-TYS,0.0,64.0,18.374449
OH-ACY,0.0,1459.0,23.885199
OH-AGS,0.0,759.0,25.205883
OH-ALB,0.0,929.0,20.336718
OH-ATL,0.0,2780.0,33.147507
OH-AVL,0.0,1452.0,23.07938
OH-AVP,0.0,1468.0,25.932375
OH-BGM,0.0,1465.0,23.446363
OH-BGR,0.0,1458.0,22.111149
OH-BIL,0.0,1464.0,34.214935
OH-BNA,0.0,1463.0,22.53853
OH-BUF,0.0,1467.0,30.096878
OH-CAK,0.0,1506.0,24.739077
OH-CHA,0.0,1449.0,15.196891
OH-CHO,0.0,1459.0,18.416006
OH-CID,0.0,1521.0,17.49356
OH-CKB,9.0,1443.0,371.75
OH-CMI,0.0,437.0,15.398474
OH-CRW,0.0,1448.0,17.338112
OH-CVG,0.0,2777.0,23.68259
OH-DAY,0.0,1452.0,18.83935
OH-DCA,0.0,2583.0,26.85327
OH-DEN,0.0,223.0,20.603895
OH-DTW,0.0,2855.0,26.838842
OH-EWR,0.0,1510.0,28.820854
OH-FNT,0.0,1458.0,28.454893
OH-GPT,0.0,94.0,20.05814
OH-GSP,0.0,1465.0,23.34268
OH-HLN,0.0,1424.0,29.308214
OH-HOU,0.0,1459.0,24.391197
OH-HPN,0.0,1477.0,29.107111
OH-HTS,0.0,1445.0,15.407423
OH-IAH,0.0,1458.0,23.56468
OH-ICT,0.0,1470.0,26.590961
OH-ISP,0.0,1607.0,35.396545
OH-JAX,0.0,1463.0,24.913307
OH-JFK,0.0,1621.0,43.497234
OH-LAN,0.0,1462.0,19.57722
OH-LEX,0.0,1456.0,20.842812
OH-LGA,0.0,1502.0,35.220184
OH-LIT,0.0,1453.0,22.265362
OH-MKE,0.0,1462.0,20.840977
OH-MLB,0.0,1157.0,20.416363
OH-MSN,0.0,1461.0,20.50354
OH-MYR,0.0,1505.0,20.332584
OH-OMA,0.0,1464.0,19.611954
OH-ORD,0.0,1522.0,30.227396
OH-PBI,0.0,1462.0,21.915161
OH-PHL,0.0,3925.0,32.657352
OH-PVD,0.0,1464.0,22.707508
OH-PWM,0.0,1451.0,22.669155
OH-RIC,0.0,1471.0,24.929186
OH-RNO,14.0,27.0,17.333334
OH-ROA,0.0,1458.0,20.088032
OH-SAV,0.0,1455.0,23.413252
OH-SBA,0.0,582.0,20.069826
OH-SFO,0.0,1385.0,30.893442
OH-SGF,0.0,1447.0,18.762041
OH-STL,0.0,1653.0,25.204214
OH-SWF,0.0,1469.0,30.91019
OH-TLH,0.0,1332.0,18.170408
OH-TOL,0.0,1454.0,19.165577
OH-TVC,0.0,55.0,16.546038
OH-XNA,0.0,1454.0,23.838125
OO-ABI,0.0,1911.0,15.17336
OO-ABQ,0.0,177.0,18.23247
OO-ACV,0.0,131.0,12.657086
OO-ATL,0.0,176.0,27.28457
OO-ATW,0.0,147.0,19.254765
OO-AUS,0.0,215.0,21.314716
OO-BFF,6.0,6.0,6.0
OO-BFL,0.0,1447.0,15.875542
OO-BIL,0.0,115.0,16.314474
OO-BIS,0.0,151.0,17.671652
OO-BLI,0.0,68.0,18.182796
OO-BMI,0.0,183.0,23.259888
OO-BPT,0.0,130.0,12.995332
OO-BUR,0.0,128.0,18.827387
OO-BWI,0.0,154.0,17.44081
OO-CHS,0.0,167.0,23.84311
OO-CIC,0.0,153.0,14.821517
OO-CID,0.0,203.0,20.842081
OO-CLD,0.0,85.0,13.3383045
OO-CLE,0.0,233.0,25.36184
OO-CLT,0.0,59.0,26.013123
OO-COD,0.0,141.0,14.804816
OO-CPR,0.0,145.0,15.300705
OO-CVG,0.0,211.0,26.887924
OO-CWA,0.0,171.0,20.178032
OO-CYS,8.0,18.0,13.0
OO-DEN,0.0,1459.0,20.735376
OO-DRO,0.0,111.0,17.08
OO-DSM,0.0,237.0,20.787346
OO-EKO,0.0,111.0,12.575018
OO-EWR,0.0,234.0,32.768623
OO-FAR,0.0,200.0,21.431635
OO-FAT,0.0,438.0,15.184538
OO-FCA,0.0,155.0,17.565704
OO-FMN,8.0,20.0,13.0
OO-GCC,8.0,84.0,19.02312
OO-GRB,0.0,224.0,20.633673
OO-GRK,0.0,97.0,14.618635
OO-GSO,0.0,112.0,23.136284
OO-GSP,0.0,231.0,25.629583
OO-HDN,0.0,148.0,21.86707
OO-HLN,0.0,108.0,16.05504
OO-HPN,0.0,225.0,29.405804
OO-HSV,0.0,97.0,22.75763
OO-IAD,21.0,123.0,40.857143
OO-IAH,0.0,287.0,19.801014
OO-ICT,0.0,233.0,20.68167
OO-IDA,0.0,281.0,15.873011
OO-ILE,0.0,131.0,15.080602
OO-IPL,0.0,92.0,13.930191
OO-IYK,0.0,359.0,17.579199
OO-JAC,0.0,143.0,15.935595
OO-JAN,0.0,106.0,18.308025
OO-JAX,0.0,126.0,21.471512
OO-LAN,0.0,181.0,23.510025
OO-LBB,12.0,12.0,12.0
OO-LGB,0.0,197.0,21.871307
OO-LWS,0.0,106.0,17.554585
OO-MCI,0.0,219.0,20.544703
OO-MDT,0.0,154.0,24.283583
OO-MEM,0.0,252.0,23.725962
OO-MFR,0.0,1282.0,13.712337
OO-MGM,0.0,50.0,16.936842
OO-MKC,22.0,22.0,22.0
OO-MKE,0.0,197.0,21.744766
OO-MLI,0.0,171.0,20.812695
OO-MLU,0.0,109.0,14.538983
OO-MOB,0.0,86.0,22.772728
OO-MOD,0.0,555.0,15.430681
OO-MSY,0.0,78.0,21.444366
OO-MTJ,0.0,104.0,15.539042
OO-OAK,0.0,104.0,20.32182
OO-OGD,5.0,21.0,13.666667
OO-OMA,0.0,737.0,19.979017
OO-OTH,7.0,91.0,17.660643
OO-OXR,0.0,103.0,16.704323
OO-PFN,0.0,46.0,17.304722
OO-PHL,0.0,224.0,26.75186
OO-PHX,0.0,124.0,20.515472
OO-PIH,0.0,134.0,14.3525715
OO-PIT,0.0,175.0,23.395512
OO-PMD,0.0,114.0,18.6606
OO-PNS,0.0,113.0,19.685535
OO-PSC,0.0,144.0,15.968383
OO-PSP,0.0,667.0,15.3830185
OO-PVD,0.0,217.0,27.816668
OO-RAP,0.0,187.0,17.379156
OO-RDD,0.0,97.0,14.231964
OO-RDM,0.0,161.0,14.00529
OO-RFD,0.0,93.0,23.740192
OO-RIC,12.0,43.0,19.821428
OO-ROA,0.0,170.0,21.996758
OO-ROC,0.0,65.0,22.70946
OO-SAT,0.0,201.0,19.976418
OO-SAV,0.0,287.0,24.77696
OO-SBN,0.0,221.0,22.183064
OO-SBP,0.0,93.0,16.075108
OO-SEA,0.0,460.0,13.772689
OO-SFO,0.0,706.0,18.672853
OO-SHV,0.0,67.0,16.753246
OO-SJC,0.0,212.0,18.84359
OO-SLC,0.0,1460.0,21.301088
OO-SLE,0.0,48.0,20.893303
OO-SMF,0.0,184.0,17.01896
OO-SMX,0.0,107.0,16.944078
OO-SNA,0.0,141.0,17.515318
OO-SUN,0.0,1020.0,13.318405
OO-SUX,22.0,22.0,22.0
OO-SYR,0.0,165.0,25.254765
OO-TLH,0.0,1221.0,21.726517
OO-TWF,0.0,167.0,13.963192
OO-TXK,0.0,85.0,13.842592
OO-VPS,0.0,83.0,20.977444
OO-XNA,0.0,202.0,22.06618
OO-YKM,0.0,66.0,18.10174
TW-ABQ,0.0,80.0,18.578648
TW-AUS,0.0,161.0,18.261757
TW-BOS,0.0,141.0,26.68199
TW-BWI,0.0,185.0,21.712128
TW-CLE,0.0,156.0,21.819347
TW-CLT,0.0,98.0,21.050915
TW-CMH,0.0,108.0,17.893547
TW-CVG,0.0,164.0,20.16468
TW-DEN,0.0,134.0,21.888338
TW-DSM,0.0,72.0,16.373127
TW-DTW,0.0,305.0,26.609346
TW-FLL,0.0,118.0,21.362114
TW-FSD,0.0,87.0,17.593077
TW-HDN,0.0,67.0,22.602041
TW-HNL,0.0,49.0,20.390244
TW-ICT,0.0,113.0,17.802528
TW-JAX,0.0,164.0,18.91109
TW-KOA,0.0,60.0,18.47755
TW-LAS,0.0,116.0,21.171211
TW-LGA,0.0,334.0,34.760674
TW-LIT,0.0,172.0,16.83608
TW-LNK,0.0,93.0,15.060016
TW-MCI,0.0,139.0,19.75868
TW-MDT,0.0,83.0,17.793388
TW-MIA,0.0,160.0,23.554789
TW-MSP,0.0,163.0,25.1256
TW-ONT,0.0,70.0,20.68988
TW-ORD,0.0,205.0,25.237762
TW-PHL,0.0,212.0,29.218403
TW-PIA,0.0,36.0,15.882353
TW-PIT,0.0,97.0,22.791882
TW-PWM,0.0,201.0,13.838816
TW-RIC,0.0,119.0,20.831099
TW-RNO,9.0,46.0,16.950413
TW-RSW,0.0,55.0,17.51616
TW-SAN,0.0,99.0,20.892248
TW-SEA,0.0,87.0,21.449677
TW-SFO,0.0,80.0,21.721895
TW-SGF,0.0,191.0,15.465375
TW-SHV,0.0,47.0,14.307074
TW-SJU,0.0,86.0,22.616781
TW-SLC,0.0,134.0,23.60219
TW-SRQ,9.0,132.0,16.56107
TW-STL,0.0,324.0,23.886755
TW-TUL,0.0,138.0,19.82719
TZ-BOS,0.0,205.0,28.770014
TZ-DFW,0.0,214.0,23.432602
TZ-HNL,0.0,88.0,23.112692
TZ-HOU,0.0,79.0,22.864815
TZ-IND,0.0,215.0,19.974442
TZ-LAX,0.0,211.0,20.429604
TZ-LGA,0.0,331.0,31.807158
TZ-LIH,10.0,57.0,18.744186
TZ-MSP,0.0,223.0,25.75728
TZ-OAK,0.0,69.0,19.936
TZ-OGG,0.0,72.0,17.078447
TZ-PHL,0.0,255.0,32.921738
TZ-PIT,0.0,185.0,25.211142
TZ-SJU,0.0,114.0,21.9529
TZ-SRQ,0.0,204.0,19.79985
TZ-TPA,27.0,27.0,27.0
UA-ABE,0.0,117.0,19.028736
UA-BDL,0.0,264.0,23.454218
UA-BIL,0.0,181.0,17.794704
UA-BUR,0.0,187.0,17.386856
UA-BZN,11.0,95.0,21.93365
UA-CID,0.0,126.0,17.645124
UA-CLE,0.0,238.0,27.099237
UA-CMH,0.0,294.0,24.79503
UA-CVG,0.0,256.0,27.094206
UA-DAY,0.0,209.0,26.960566
UA-DCA,0.0,295.0,24.689571
UA-DEN,0.0,276.0,20.590328
UA-EGE,0.0,183.0,26.599215
UA-FSD,0.0,167.0,18.71222
UA-GEG,0.0,168.0,19.012775
UA-GRR,0.0,207.0,21.301098
UA-HPN,0.0,246.0,22.122732
UA-IND,0.0,274.0,24.06764
UA-JAC,0.0,176.0,23.527687
UA-KOA,0.0,106.0,18.037258
UA-LAS,0.0,242.0,24.134426
UA-LGA,0.0,379.0,33.143063
UA-LNK,0.0,155.0,18.732876
UA-MBS,0.0,122.0,17.23617
UA-MCO,0.0,208.0,22.35315
UA-MEM,0.0,79.0,19.99881
UA-MHT,0.0,242.0,23.82401
UA-MIA,0.0,236.0,23.953848
UA-MRY,0.0,64.0,12.372434
UA-MSN,0.0,72.0,16.5
UA-MSO,12.0,107.0,20.382978
UA-MSY,0.0,195.0,18.978306
UA-MTJ,0.0,52.0,20.976076
UA-OGG,0.0,150.0,18.693531
UA-ONT,0.0,202.0,18.734491
UA-ORF,0.0,99.0,18.189617
UA-PDX,0.0,279.0,18.648022
UA-PHL,0.0,294.0,30.410774
UA-PIT,0.0,291.0,26.378288
UA-PVD,0.0,244.0,21.749058
UA-PWM,0.0,207.0,18.555964
UA-RIC,0.0,271.0,20.591352
UA-RNO,0.0,152.0,19.37837
UA-SAT,0.0,214.0,19.39561
UA-SBA,0.0,80.0,12.707805
UA-SFO,0.0,228.0,23.789772
UA-SLC,0.0,230.0,22.302925
UA-SMF,0.0,231.0,20.369572
UA-STL,0.0,227.0,22.466291
UA-SYR,0.0,88.0,21.14981
UA-TPA,0.0,292.0,21.705107
UA-TUL,0.0,116.0,18.371128
US-ABI,22.0,22.0,22.0
US-ABQ,0.0,135.0,22.87747
US-ALB,0.0,224.0,18.484407
US-ANC,0.0,83.0,21.721575
US-ATL,0.0,203.0,24.251877
US-AVL,0.0,74.0,16.925507
US-AVP,0.0,163.0,15.9007225
US-BGM,0.0,114.0,16.296482
US-BHM,0.0,132.0,15.626249
US-BOS,0.0,307.0,22.92297
US-BUR,0.0,113.0,18.8649
US-CAK,0.0,122.0,14.974335
US-CHS,0.0,197.0,16.678843
US-DCA,0.0,292.0,20.581226
US-DEN,0.0,184.0,21.045761
US-DTW,0.0,230.0,22.684912
US-EGE,0.0,118.0,26.93007
US-ELM,0.0,121.0,13.692745
US-ELP,0.0,92.0,21.585909
US-FAY,0.0,58.0,12.777935
US-FCA,8.0,33.0,15.761194
US-FLL,0.0,262.0,21.112045
US-GSO,0.0,210.0,19.16425
US-HNL,0.0,60.0,22.57516
US-HPN,0.0,217.0,19.278557
US-HSV,0.0,190.0,13.539295
US-IAD,0.0,215.0,22.592459
US-IAH,0.0,213.0,22.109808
US-IND,0.0,162.0,18.988058
US-ITH,0.0,87.0,15.948828
US-JAX,0.0,281.0,17.221529
US-JFK,0.0,278.0,40.592094
US-LAX,0.0,218.0,20.13237
US-LGA,0.0,320.0,28.49568
US-LGB,0.0,150.0,27.739838
US-LWB,0.0,29.0,13.670732
US-MCI,0.0,211.0,18.995855
US-MCO,0.0,206.0,19.958572
US-MDT,0.0,193.0,18.101381
US-MKE,0.0,140.0,19.680098
US-MSP,0.0,274.0,24.346977
US-MYR,0.0,190.0,16.4756
US-OGG,0.0,74.0,16.389841
US-OMA,0.0,91.0,19.915556
US-ONT,0.0,187.0,21.608202
US-ORF,0.0,183.0,17.340462
US-PBI,0.0,224.0,18.175837
US-PDX,0.0,128.0,17.62339
US-PHL,0.0,402.0,28.430882
US-PHX,0.0,334.0,23.822664
US-PIT,0.0,308.0,20.972889
US-PNS,0.0,176.0,15.981814
US-PVD,0.0,251.0,18.552076
US-RNO,0.0,102.0,17.85427
US-ROA,0.0,82.0,14.606676
US-ROC,0.0,163.0,18.700727
US-SAN,0.0,253.0,23.1125
US-SAV,0.0,163.0,16.791851
US-SBN,0.0,147.0,15.762011
US-SFO,0.0,172.0,22.566341
US-SJC,0.0,124.0,20.525616
US-SMF,0.0,119.0,18.075413
US-SNA,0.0,188.0,23.276592
US-STT,0.0,173.0,18.098495
US-STX,0.0,158.0,22.072926
US-SYR,0.0,167.0,19.243666
US-TPA,0.0,174.0,18.81805
US-TRI,0.0,83.0,12.220486
US-TUS,0.0,102.0,19.295397
US-TYS,0.0,34.0,14.022399
WN-ABQ,0.0,195.0,12.927151
WN-AUS,0.0,185.0,12.654341
WN-BHM,0.0,216.0,12.180065
WN-BUF,0.0,145.0,12.972235
WN-CLE,0.0,164.0,15.068743
WN-DEN,0.0,219.0,17.338015
WN-DTW,0.0,199.0,16.230173
WN-ELP,0.0,204.0,12.231484
WN-GEG,0.0,116.0,12.637825
WN-IND,0.0,152.0,14.816891
WN-LAS,0.0,195.0,17.789347
WN-LBB,0.0,164.0,10.64643
WN-LIT,0.0,97.0,11.074826
WN-MAF,0.0,105.0,10.682836
WN-MCO,0.0,212.0,14.653211
WN-MDW,0.0,262.0,15.627918
WN-OMA,0.0,128.0,12.74143
WN-ONT,0.0,191.0,12.268316
WN-ORF,0.0,176.0,12.896877
WN-PBI,0.0,154.0,13.833231
WN-PHL,0.0,320.0,25.499258
WN-PHX,0.0,243.0,15.338239
WN-PIT,0.0,209.0,17.477762
WN-RDU,0.0,172.0,13.6142235
WN-RNO,0.0,208.0,12.808406
WN-SAT,0.0,139.0,11.563782
WN-SJC,0.0,164.0,14.260195
WN-SLC,0.0,253.0,16.70408
WN-SNA,0.0,152.0,14.02073
WN-STL,0.0,203.0,14.232059
WN-TPA,0.0,152.0,14.069874
WN-TUL,0.0,145.0,11.495184
XE-ABE,0.0,187.0,19.917208
XE-ACK,0.0,221.0,26.211267
XE-AEX,0.0,203.0,21.650389
XE-ALB,0.0,265.0,24.962927
XE-AUS,0.0,143.0,19.61868
XE-BHM,0.0,317.0,23.696321
XE-BOI,0.0,104.0,19.497896
XE-BTV,0.0,309.0,25.229887
XE-BWI,0.0,195.0,24.654472
XE-CAE,0.0,185.0,23.827074
XE-CLE,0.0,232.0,22.94469
XE-CRP,0.0,253.0,21.994154
XE-DEN,0.0,97.0,23.379961
XE-ERI,0.0,60.0,16.266949
XE-EWR,0.0,419.0,33.138588
XE-FAT,0.0,138.0,14.8559475
XE-FLL,19.0,39.0,25.571428
XE-GPT,0.0,307.0,21.306465
XE-GRR,0.0,289.0,22.71487
XE-GSO,0.0,308.0,24.257172
XE-GSP,0.0,1470.0,21.71914
XE-HDN,0.0,74.0,22.901785
XE-HOU,0.0,51.0,22.523623
XE-HPN,0.0,206.0,23.17524
XE-HRL,0.0,211.0,21.72896
XE-HSV,0.0,271.0,23.527317
XE-IAD,0.0,329.0,30.76667
XE-IDA,6.0,43.0,16.432177
XE-IND,0.0,315.0,24.024097
XE-JAN,0.0,196.0,21.822044
XE-JAX,0.0,256.0,22.343021
XE-JFK,0.0,258.0,41.82496
XE-LAS,0.0,158.0,29.982927
XE-LAX,0.0,149.0,24.549046
XE-LCH,0.0,339.0,22.922432
XE-LEX,0.0,280.0,24.35112
XE-LGA,0.0,329.0,32.39337
XE-LRD,0.0,262.0,21.27991
XE-MCO,0.0,137.0,25.809444
XE-MEM,0.0,312.0,26.3763
XE-MFE,0.0,250.0,21.134373
XE-MGM,0.0,189.0,22.53582
XE-MLU,0.0,256.0,17.70719
XE-MOB,0.0,216.0,21.764332
XE-MRY,0.0,39.0,12.827291
XE-MSN,0.0,250.0,22.253283
XE-MSP,0.0,240.0,27.474201
XE-MSY,0.0,244.0,17.52148
XE-MTJ,0.0,112.0,23.721558
XE-ORD,0.0,258.0,26.170174
XE-ORF,0.0,318.0,22.696474
XE-PBI,0.0,170.0,21.138903
XE-PHX,0.0,215.0,24.354885
XE-PIT,0.0,299.0,28.261497
XE-PSP,0.0,95.0,21.0966
XE-PUB,23.0,49.0,36.0
XE-PVD,0.0,1450.0,24.291807
XE-PWM,0.0,357.0,25.156187
XE-RNO,0.0,135.0,22.662786
XE-ROC,0.0,293.0,24.339497
XE-RSW,0.0,161.0,22.432726
XE-SAT,0.0,132.0,18.050978
XE-SBN,0.0,75.0,20.522728
XE-SDF,0.0,280.0,23.658878
XE-SEA,0.0,121.0,29.345625
XE-SFO,0.0,133.0,31.480272
XE-SJC,0.0,142.0,27.369017
XE-SYR,0.0,285.0,25.314259
XE-TPA,0.0,81.0,22.018261
XE-TUS,0.0,204.0,18.757359
XE-TWF,5.0,5.0,5.0
XE-TXK,0.0,78.0,18.863636
XE-VCT,0.0,90.0,17.313852
XE-VPS,0.0,233.0,21.982096
XE-XNA,0.0,250.0,22.713999
YV-ATL,0.0,225.0,29.098087
YV-ATW,0.0,245.0,21.001713
YV-AUS,0.0,107.0,22.301346
YV-AVL,0.0,31.0,19.88889
YV-AVP,0.0,162.0,21.602459
YV-BFL,0.0,136.0,19.170235
YV-BIL,0.0,35.0,17.461538
YV-BOI,0.0,51.0,19.385113
YV-BTV,0.0,44.0,18.384615
YV-BUF,0.0,150.0,22.115053
YV-BUR,0.0,164.0,21.018696
YV-BWI,0.0,140.0,21.84963
YV-CAE,0.0,204.0,22.17935
YV-CHA,0.0,29.0,16.866667
YV-CHO,0.0,51.0,20.212122
YV-CHS,0.0,149.0,21.790077
YV-CLD,0.0,65.0,18.42629
YV-CLT,0.0,203.0,27.78697
YV-DAB,0.0,65.0,18.110859
YV-DEN,0.0,154.0,20.18099
YV-DRO,0.0,118.0,19.64397
YV-FAT,0.0,128.0,18.732367
YV-FSD,0.0,187.0,20.92531
YV-FWA,0.0,199.0,21.225994
YV-GNV,7.0,36.0,20.862068
YV-GRB,0.0,150.0,19.879984
YV-GRR,0.0,171.0,23.068834
YV-GSO,0.0,149.0,23.228426
YV-GSP,0.0,217.0,23.089462
YV-HDN,0.0,94.0,21.975025
YV-HNL,0.0,76.0,16.044016
YV-IND,0.0,80.0,22.330532
YV-JAC,0.0,101.0,21.76698
YV-JAN,0.0,29.0,18.652174
YV-JFK,0.0,206.0,34.031467
YV-KOA,0.0,103.0,14.489813
YV-LAN,0.0,221.0,22.233482
YV-LGB,0.0,144.0,23.594936
YV-LIH,0.0,42.0,13.8085985
YV-LIT,0.0,57.0,20.626263
YV-MEM,0.0,128.0,24.403559
YV-MFR,0.0,82.0,17.59032
YV-MHT,0.0,206.0,22.43472
YV-MOB,0.0,38.0,19.153086
YV-MSP,0.0,161.0,28.54778
YV-MSY,0.0,157.0,21.0875
YV-MYR,0.0,157.0,19.23799
YV-OGG,0.0,53.0,14.078934
YV-OKC,0.0,248.0,22.766129
YV-ORD,0.0,248.0,23.662067
YV-ORF,0.0,183.0,21.099922
YV-PDX,0.0,44.0,18.391304
YV-PHF,0.0,54.0,18.016575
YV-PHL,0.0,181.0,29.82046
YV-PSP,0.0,96.0,21.075125
YV-RIC,0.0,137.0,23.191893
YV-ROA,0.0,128.0,21.71234
YV-SAT,0.0,111.0,23.134747
YV-SAV,0.0,151.0,21.49304
YV-SBP,0.0,92.0,19.060043
YV-SFO,0.0,64.0,22.951063
YV-SJC,0.0,82.0,25.518625
YV-SRQ,0.0,87.0,19.87833
YV-STL,0.0,111.0,22.30687
YV-TLH,0.0,116.0,23.378641
YV-TRI,0.0,54.0,21.057142
YV-TUS,0.0,128.0,22.053497
YV-XNA,0.0,29.0,19.09091
YV-YUM,0.0,104.0,21.509684
9E-ABE,0.0,220.0,28.016666
9E-BDL,0.0,132.0,27.663113
9E-BHM,0.0,161.0,26.617708
9E-BOS,0.0,187.0,31.727518
9E-BTR,0.0,62.0,18.91587
9E-BUF,0.0,110.0,27.739857
9E-BWI,0.0,150.0,27.286884
9E-CAE,0.0,100.0,23.939842
9E-CID,0.0,109.0,27.071474
9E-CMH,0.0,165.0,24.366043
9E-CMX,0.0,72.0,24.158163
9E-COS,14.0,83.0,27.785715
9E-CRW,13.0,134.0,25.907766
9E-DAY,0.0,157.0,27.374205
9E-DFW,0.0,112.0,26.655361
9E-DSM,0.0,139.0,25.135887
9E-ELM,0.0,134.0,25.346476
9E-ERI,0.0,156.0,24.662169
9E-EVV,0.0,139.0,23.614668
9E-EWR,18.0,113.0,45.032608
9E-FCA,0.0,139.0,33.01953
9E-FLL,0.0,140.0,31.089226
9E-FWA,0.0,140.0,27.205587
9E-GLH,15.0,23.0,19.0
9E-GRB,0.0,117.0,24.986729
9E-GRR,0.0,241.0,26.555555
9E-GSO,0.0,167.0,27.522411
9E-GSP,0.0,127.0,23.786291
9E-GTF,0.0,111.0,25.114538
9E-HOU,12.0,138.0,27.390322
9E-HPN,0.0,263.0,31.659563
9E-HSV,0.0,132.0,23.262665
9E-IAH,0.0,282.0,28.93618
9E-IDA,0.0,101.0,27.734215
9E-IND,0.0,168.0,25.938868
9E-INL,0.0,104.0,19.15917
9E-ITH,14.0,97.0,34.0
9E-LAN,0.0,96.0,27.0673
9E-MBS,0.0,133.0,24.833899
9E-MCI,0.0,213.0,25.801306
9E-MDT,0.0,122.0,29.533903
9E-MDW,16.0,91.0,29.296875
9E-MGM,0.0,98.0,20.404125
9E-MHT,0.0,79.0,28.11039
9E-MIA,20.0,35.0,24.764706
9E-MLI,0.0,183.0,24.582905
9E-MOB,0.0,160.0,18.896885
9E-MSN,0.0,151.0,25.59982
9E-MSO,25.0,33.0,29.0
9E-MSP,0.0,222.0,26.57941
9E-MYR,0.0,73.0,27.225609
9E-ORD,19.0,93.0,37.944443
9E-ORF,0.0,155.0,28.528322
9E-PHL,0.0,220.0,36.63055
9E-PLN,0.0,108.0,25.515152
9E-RHI,0.0,91.0,17.918604
9E-RST,0.0,140.0,23.989096
9E-SAT,12.0,94.0,27.00969
9E-SAV,0.0,112.0,27.167347
9E-SBN,0.0,171.0,27.47134
9E-SGF,0.0,116.0,22.837475
9E-SHV,0.0,85.0,20.242489
9E-SRQ,14.0,41.0,24.65625
9E-STL,0.0,190.0,26.469484
9E-STX,20.0,61.0,32.652172
9E-SYR,15.0,56.0,36.207546
9E-TPA,17.0,35.0,25.625
9E-TRI,8.0,89.0,20.55814
9E-TUL,0.0,181.0,27.267359
9E-TYS,0.0,198.0,24.771564
AA-AMA,0.0,148.0,21.842201
AA-ATL,0.0,1087.0,29.424494
AA-BOS,0.0,1427.0,26.932453
AA-BTR,0.0,83.0,24.142857
AA-BUF,0.0,908.0,25.546902
AA-BUR,0.0,1010.0,29.859945
AA-CID,0.0,69.0,18.056337
AA-CLE,0.0,1046.0,25.156536
AA-CMH,0.0,946.0,22.962164
AA-COS,0.0,835.0,26.281414
AA-DAY,0.0,1047.0,25.50623
AA-DFW,0.0,1649.0,23.335693
AA-DRO,0.0,71.0,25.152542
AA-DSM,0.0,620.0,21.026651
AA-DTW,0.0,1033.0,27.51685
AA-GUC,0.0,122.0,26.683392
AA-HDN,0.0,146.0,30.711374
AA-HOU,0.0,1289.0,21.758226
AA-HSV,0.0,837.0,23.397192
AA-IAD,0.0,995.0,24.769003
AA-ISP,0.0,113.0,30.777779
AA-JAC,0.0,635.0,32.161182
AA-JFK,0.0,1590.0,37.07836
AA-LAS,0.0,1266.0,25.341536
AA-LGB,0.0,1028.0,26.39316
AA-LIT,0.0,609.0,20.085445
AA-MEM,0.0,441.0,24.69955
AA-MKE,0.0,187.0,23.356482
AA-OGG,0.0,1438.0,19.271656
AA-OKC,0.0,1013.0,22.945242
AA-OMA,0.0,904.0,23.678871
AA-ORD,0.0,1594.0,25.583931
AA-PDX,0.0,1579.0,24.700447
AA-PHL,0.0,999.0,31.440641
AA-PHX,0.0,1335.0,25.461786
AA-PIA,0.0,0.0,0.0
AA-PIT,0.0,980.0,26.806437
AA-RDU,0.0,1421.0,23.416924
AA-RIC,0.0,921.0,24.72278
AA-RNO,0.0,859.0,24.018534
AA-ROC,0.0,148.0,23.572466
AA-RST,0.0,619.0,20.989597
AA-SDF,0.0,1028.0,22.96037
AA-SEA,0.0,1179.0,25.009333
AA-SFO,0.0,1249.0,26.554008
AA-SMF,0.0,1015.0,24.047625
AA-SNA,0.0,970.0,25.26464
AA-STL,0.0,1438.0,24.430252
AA-SWF,0.0,917.0,21.89011
AA-SYR,0.0,932.0,26.087252
AA-TUL,0.0,1402.0,23.486515
AA-TUS,0.0,740.0,22.93814
AA-TYS,0.0,924.0,24.561724
AA-XNA,0.0,680.0,24.01091
AQ-RNO,0.0,89.0,17.478449
AQ-SNA,0.0,309.0,13.951891
AS-BET,0.0,63.0,10.061207
AS-BOS,0.0,185.0,30.479383
AS-BRW,0.0,40.0,7.9839716
AS-BUR,0.0,83.0,18.087614
AS-CDV,0.0,80.0,10.5625
AS-DEN,0.0,189.0,21.577177
AS-FAI,0.0,92.0,14.269393
AS-GST,0.0,1443.0,14.580872
AS-HNL,13.0,56.0,24.368946
AS-IAD,0.0,159.0,24.742846
AS-JNU,0.0,111.0,16.450964
AS-KOA,11.0,65.0,20.04651
AS-KTN,0.0,88.0,15.401352
AS-LGB,0.0,147.0,20.99019
AS-LIH,0.0,48.0,19.526932
AS-MCO,0.0,128.0,22.604557
AS-OAK,0.0,136.0,16.731047
AS-OGG,8.0,46.0,18.272251
AS-OME,0.0,65.0,9.539109
AS-ONT,0.0,95.0,17.19517
AS-OTZ,0.0,73.0,9.333814
AS-PDX,0.0,142.0,17.691618
AS-PSP,0.0,125.0,17.229534
AS-SCC,0.0,49.0,9.640325
AS-SEA,0.0,1452.0,21.148357
AS-SFO,0.0,132.0,21.068789
AS-SJC,0.0,1437.0,17.556473
AS-SMF,0.0,151.0,17.375458
AS-TUS,0.0,84.0,17.596554
AS-WRG,0.0,50.0,10.10572
AS-YAK,0.0,57.0,9.6620035
B6-ACK,0.0,143.0,22.437008
B6-ATL,13.0,246.0,22.985268
B6-BOS,0.0,308.0,25.888824
B6-BQN,0.0,84.0,19.216522
B6-BTV,0.0,268.0,22.063593
B6-BUF,0.0,308.0,20.59729
B6-EWR,0.0,352.0,32.45744
B6-HOU,0.0,469.0,23.518867
B6-LAX,21.0,32.0,26.5
B6-LGB,0.0,311.0,20.096498
B6-MCO,0.0,360.0,22.741405
B6-OAK,0.0,198.0,19.545206
B6-ONT,0.0,160.0,21.491957
B6-PHX,0.0,141.0,22.043554
B6-PSE,0.0,92.0,21.173687
B6-RDU,0.0,217.0,23.460161
B6-SAN,0.0,192.0,24.738869
B6-SJU,0.0,169.0,24.439087
B6-SMF,0.0,145.0,19.315355
B6-SWF,0.0,161.0,21.37407
B6-SYR,0.0,383.0,23.257256
CO-ABQ,0.0,183.0,21.383339
CO-AGS,13.0,45.0,24.428572
CO-AMA,22.0,24.0,23.0
CO-ANC,0.0,146.0,20.987194
CO-BDL,0.0,221.0,23.258837
CO-BHM,0.0,173.0,23.604097
CO-BNA,0.0,129.0,20.962479
CO-BOS,0.0,336.0,28.91781
CO-BQN,0.0,82.0,22.581156
CO-BRO,0.0,55.0,16.210356
CO-BTV,21.0,40.0,29.75
CO-CLE,0.0,296.0,24.887403
CO-CLT,0.0,250.0,27.9843
CO-CMH,0.0,233.0,24.05309
CO-DAY,17.0,17.0,17.0
CO-DFW,0.0,317.0,27.02266
CO-EGE,0.0,161.0,33.253796
CO-ELP,0.0,174.0,20.06793
CO-FLL,0.0,232.0,27.900642
CO-GPT,0.0,165.0,21.254047
CO-GUC,0.0,126.0,23.642857
CO-HDN,0.0,117.0,28.406809
CO-HNL,0.0,91.0,27.923119
CO-JAX,0.0,216.0,23.004599
CO-LAX,0.0,176.0,25.536287
CO-LBB,15.0,15.0,15.0
CO-LGA,0.0,316.0,33.249012
CO-MAF,12.0,21.0,16.25
CO-MEM,0.0,127.0,26.420168
CO-MFE,0.0,207.0,18.733225
CO-MHT,0.0,184.0,23.94335
CO-MSY,0.0,302.0,20.138716
CO-OGG,0.0,72.0,20.327103
CO-OKC,0.0,188.0,21.375057
CO-OMA,0.0,245.0,24.3099
CO-PBI,0.0,220.0,24.751448
CO-PHX,0.0,194.0,23.717531
CO-PIT,0.0,246.0,25.940126
CO-PVD,0.0,135.0,20.992416
CO-RIC,0.0,94.0,21.392633
CO-ROC,0.0,72.0,24.687151
CO-SAN,0.0,158.0,24.528336
CO-SAT,0.0,415.0,21.33671
CO-SDF,0.0,88.0,19.773912
CO-SEA,0.0,189.0,23.157047
CO-SFO,0.0,215.0,24.715708
CO-SJC,0.0,214.0,23.222921
CO-SJU,0.0,212.0,26.02065
CO-SLC,0.0,172.0,26.182161
CO-SMF,0.0,108.0,21.282486
CO-SNA,0.0,262.0,24.251707
CO-TUL,0.0,174.0,20.903902
CO-XNA,13.0,24.0,20.0
DH-ACY,0.0,74.0,14.804396
DH-ATL,0.0,160.0,24.403877
DH-AUS,0.0,93.0,23.754099
DH-AVL,0.0,97.0,12.732558
DH-BDL,0.0,176.0,20.704397
DH-BUF,0.0,187.0,19.725567
DH-BWI,0.0,65.0,19.6
DH-CHA,0.0,88.0,14.116279
DH-CLT,0.0,152.0,23.158947
DH-COS,0.0,118.0,28.412338
DH-CRW,0.0,156.0,15.968773
DH-CVG,0.0,543.0,18.1134
DH-DSM,0.0,106.0,22.413546
DH-DTW,0.0,174.0,20.89088
DH-EWR,0.0,314.0,24.063095
DH-FAR,0.0,159.0,26.950165
DH-GSO,0.0,145.0,18.940912
DH-GSP,0.0,149.0,19.193142
DH-IAD,0.0,687.0,22.755749
DH-ICT,0.0,178.0,27.011236
DH-JAX,0.0,188.0,21.2954
DH-LAX,16.0,56.0,28.509203
DH-LEX,0.0,213.0,22.336723
DH-LGA,0.0,277.0,25.638947
DH-MCO,0.0,201.0,20.577267
DH-MDW,0.0,109.0,17.84994
DH-MKE,0.0,108.0,15.843632
DH-OKC,0.0,194.0,28.424137
DH-ORF,0.0,936.0,19.658789
DH-PBI,0.0,101.0,22.345098
DH-PHL,0.0,198.0,20.945246
DH-PIA,0.0,139.0,23.102623
DH-PIT,0.0,146.0,20.189646
DH-PVD,0.0,192.0,23.442705
DH-PWM,0.0,245.0,21.741615
DH-RIC,0.0,94.0,15.5913925
DH-SAV,0.0,514.0,21.00463
DH-SBN,0.0,810.0,17.395649
DH-SCE,0.0,248.0,13.839902
DH-SDF,0.0,162.0,18.904638
DH-SGF,0.0,116.0,21.501099
DH-SJC,16.0,40.0,23.226562
DH-STL,0.0,171.0,27.72451
DH-SWF,0.0,121.0,18.230116
DH-SYR,0.0,170.0,20.718248
DH-TRI,0.0,96.0,13.309299
DL-ABQ,0.0,240.0,21.243235
DL-AGS,0.0,80.0,20.267069
DL-ANC,0.0,161.0,23.464579
DL-AUS,0.0,193.0,21.439226
DL-BDL,0.0,256.0,23.109884
DL-BOI,0.0,105.0,19.107418
DL-BUF,0.0,184.0,23.41524
DL-BZN,0.0,139.0,18.55165
DL-CAE,0.0,136.0,22.915573
DL-CMH,0.0,283.0,21.101957
DL-CVG,0.0,384.0,23.909819
DL-DAB,0.0,137.0,22.37671
DL-DCA,0.0,265.0,23.800388
DL-DEN,0.0,337.0,24.43082
DL-DFW,0.0,318.0,27.944862
DL-DTW,0.0,249.0,26.55489
DL-FAI,0.0,81.0,20.551723
DL-GSO,0.0,190.0,24.476902
DL-GSP,0.0,173.0,23.795256
DL-GUC,0.0,62.0,24.951923
DL-HNL,0.0,144.0,25.775263
DL-HOU,0.0,215.0,21.8922
DL-IAD,0.0,272.0,25.866999
DL-IAH,0.0,196.0,26.156876
DL-JAN,0.0,142.0,20.101435
DL-JAX,0.0,274.0,23.960503
DL-JFK,0.0,430.0,42.237923
DL-KOA,0.0,54.0,22.1825
DL-LAS,0.0,266.0,25.71429
DL-LAX,0.0,259.0,26.749474
DL-LIH,6.0,53.0,23.865591
DL-MCI,0.0,212.0,23.018559
DL-MCO,0.0,1441.0,23.730194
DL-MDT,0.0,62.0,17.857538
DL-MDW,0.0,220.0,26.753517
DL-MEM,0.0,156.0,24.096197
DL-MIA,0.0,208.0,27.243294
DL-MKE,0.0,155.0,22.741837
DL-MLU,0.0,111.0,16.484201
DL-MOB,0.0,171.0,19.839115
DL-MSO,0.0,66.0,15.372903
DL-MSP,0.0,567.0,27.39521
DL-MTJ,0.0,71.0,29.302326
DL-MYR,0.0,51.0,20.904041
DL-OAK,0.0,142.0,22.133617
DL-OKC,0.0,201.0,20.62326
DL-OMA,0.0,123.0,21.635197
DL-ONT,0.0,169.0,22.03178
DL-ORD,0.0,1441.0,28.620506
DL-ORF,0.0,171.0,22.159822
DL-PDX,0.0,279.0,20.931623
DL-PHF,0.0,137.0,22.588755
DL-PHL,0.0,296.0,32.948753
DL-PHX,0.0,271.0,26.007029
DL-RIC,0.0,1532.0,22.456749
DL-RNO,0.0,181.0,21.100742
DL-SAT,0.0,233.0,21.568066
DL-SDF,0.0,213.0,21.374018
DL-SFO,0.0,300.0,26.318354
DL-SHV,0.0,132.0,17.528105
DL-SJC,0.0,452.0,21.494366
DL-SJU,0.0,235.0,26.551514
DL-SLC,0.0,603.0,26.370584
DL-SMF,0.0,421.0,20.478226
DL-SNA,0.0,230.0,24.363495
DL-STX,0.0,70.0,23.027273
DL-TUL,0.0,108.0,20.776754
DL-TUS,0.0,161.0,20.57534
DL-VPS,0.0,126.0,22.893618
EV-ABI,17.0,1451.0,380.25
EV-ABY,0.0,1454.0,18.281353
EV-ALB,0.0,1468.0,26.666494
EV-AMA,0.0,89.0,15.86624
EV-ATL,0.0,1704.0,53.445393
EV-ATW,0.0,1472.0,22.705969
EV-AZO,0.0,161.0,19.714111
EV-BDL,0.0,76.0,21.95139
EV-BGR,0.0,94.0,22.536144
EV-BIL,0.0,54.0,14.059081
EV-BNA,0.0,1501.0,26.98198
EV-BOI,0.0,48.0,16.53002
EV-BQK,0.0,1466.0,18.758785
EV-BTR,0.0,1488.0,21.115309
EV-BWI,0.0,1553.0,41.126553
EV-CAE,0.0,1500.0,23.942371
EV-CAK,0.0,1468.0,24.590689
EV-CHA,0.0,1473.0,19.574665
EV-CHO,0.0,1465.0,19.440418
EV-CHS,0.0,143.0,20.432146
EV-CID,0.0,1451.0,28.49809
EV-CLE,0.0,1508.0,27.567871
EV-CLT,0.0,1499.0,28.843397
EV-CMH,9.0,141.0,22.488817
EV-CMI,0.0,75.0,23.97807
EV-CRW,0.0,1476.0,22.832104
EV-CSG,0.0,1465.0,17.824734
EV-DAB,0.0,1453.0,21.761078
EV-DAL,0.0,83.0,21.914352
EV-DAY,0.0,1465.0,22.174948
EV-DSM,0.0,1473.0,23.781666
EV-ELP,0.0,1460.0,21.022995
EV-EYW,0.0,1465.0,20.862923
EV-FLO,0.0,1451.0,18.4582
EV-FNT,0.0,1476.0,23.288588
EV-FSM,0.0,113.0,23.794466
EV-FWA,0.0,1524.0,25.13313
EV-GNV,0.0,1525.0,19.79828
EV-GPT,0.0,1510.0,24.469873
EV-GRK,0.0,149.0,24.588593
EV-GSO,0.0,1492.0,31.764635
EV-GSP,0.0,1496.0,23.483593
EV-HHH,0.0,104.0,22.161074
EV-HKY,0.0,130.0,17.194445
EV-HPN,0.0,1583.0,28.267832
EV-HTS,0.0,73.0,16.287128
EV-IAH,0.0,1629.0,26.630686
EV-ILG,0.0,130.0,24.086275
EV-IND,0.0,167.0,23.178673
EV-ISO,0.0,1460.0,21.958895
EV-JAC,0.0,92.0,16.297222
EV-JAX,0.0,1465.0,24.992987
EV-JFK,0.0,1500.0,33.206776
EV-LAN,0.0,1454.0,20.76006
EV-LAW,11.0,116.0,22.65543
EV-LAX,0.0,1460.0,23.943108
EV-LGA,0.0,1558.0,73.92509
EV-LYH,0.0,130.0,17.236828
EV-MAF,0.0,54.0,13.727273
EV-MCN,0.0,1455.0,20.71297
EV-MCO,0.0,1465.0,21.030283
EV-MDT,0.0,1470.0,23.156889
EV-MDW,0.0,1549.0,31.1502
EV-MEM,0.0,1468.0,24.772943
EV-MFE,0.0,84.0,23.74398
EV-MGM,0.0,1475.0,21.364676
EV-MIA,11.0,158.0,22.140968
EV-MLB,0.0,1495.0,23.036892
EV-MOB,0.0,1469.0,21.448235
EV-MSP,0.0,1491.0,32.59589
EV-MSY,0.0,1493.0,25.004196
EV-MYR,0.0,1479.0,22.19826
EV-OKC,0.0,1466.0,21.103943
EV-OMA,0.0,1472.0,25.773977
EV-ORF,0.0,1468.0,22.066422
EV-PBI,0.0,62.0,19.307444
EV-PHF,0.0,1507.0,24.100517
EV-PVD,0.0,1464.0,26.398195
EV-PWM,0.0,1488.0,25.388153
EV-RNO,0.0,1456.0,18.479553
EV-SBN,0.0,1468.0,21.769434
EV-SCE,0.0,89.0,26.263323
EV-SDF,0.0,1458.0,22.019205
EV-SEA,0.0,62.0,20.510948
EV-SFO,0.0,101.0,26.567385
EV-SHV,0.0,1485.0,23.076277
EV-SJC,0.0,1445.0,23.11017
EV-SLC,0.0,1528.0,43.458958
EV-SWF,0.0,136.0,25.726606
EV-SYR,0.0,177.0,24.064173
EV-TLH,0.0,1477.0,21.907686
EV-TRI,0.0,1477.0,20.60165
EV-TUP,0.0,194.0,18.127853
EV-TUS,0.0,1462.0,22.439272
EV-TVC,3.0,66.0,22.731958
EV-TXK,0.0,39.0,13.125
EV-TYR,16.0,16.0,16.0
EV-TYS,0.0,1485.0,24.136246
EV-XNA,0.0,1483.0,26.828333
F9-ABQ,0.0,157.0,18.111153
F9-ANC,0.0,74.0,18.103132
F9-BNA,0.0,160.0,20.430504
F9-BOI,14.0,105.0,22.431767
F9-BTR,17.0,17.0,17.0
F9-BWI,0.0,161.0,23.540298
F9-BZN,18.0,18.0,18.0
F9-DAY,0.0,93.0,20.33715
F9-DCA,0.0,170.0,25.032494
F9-DEN,0.0,249.0,20.499594
F9-DFW,0.0,245.0,23.18986
F9-FAT,0.0,85.0,17.06962
F9-FLL,0.0,208.0,24.42293
F9-GEG,11.0,106.0,19.64876
F9-IAH,0.0,121.0,23.137472
F9-JAC,12.0,35.0,21.0
F9-JAX,0.0,66.0,21.996988
F9-LAS,0.0,127.0,23.63586
F9-LAX,0.0,111.0,20.108324
F9-MCI,0.0,143.0,19.167982
F9-MEM,0.0,77.0,22.870213
F9-MKE,0.0,144.0,21.595917
F9-MSP,0.0,163.0,25.372799
F9-OKC,0.0,51.0,17.45609
F9-OMA,0.0,107.0,20.633528
F9-PBI,12.0,75.0,20.929077
F9-PDX,0.0,98.0,19.089739
F9-PHL,0.0,276.0,35.482704
F9-SAT,0.0,59.0,17.283684
F9-SDF,0.0,101.0,21.722105
F9-SEA,0.0,146.0,21.936535
F9-SFO,0.0,112.0,23.18507
F9-SJC,0.0,123.0,20.061829
F9-SLC,0.0,187.0,23.697489
F9-SMF,0.0,109.0,18.479614
F9-SNA,0.0,182.0,22.14607
F9-TUL,0.0,32.0,17.263159
F9-TUS,0.0,92.0,18.123737
FL-ATL,0.0,969.0,23.985296
FL-BMI,0.0,253.0,19.844374
FL-BOS,0.0,1398.0,25.134369
FL-BTV,10.0,84.0,18.151686
FL-BUF,0.0,165.0,22.340271
FL-BWI,0.0,226.0,20.511786
FL-DAB,0.0,78.0,20.116823
FL-DCA,0.0,207.0,24.899088
FL-DFW,0.0,335.0,25.156624
FL-DTW,0.0,204.0,21.978489
FL-FLL,0.0,210.0,23.516367
FL-FNT,0.0,186.0,18.799376
FL-GSO,0.0,109.0,22.815832
FL-HPN,0.0,290.0,22.580282
FL-IAD,0.0,253.0,25.04284
FL-ICT,0.0,158.0,21.204884
FL-JAX,0.0,162.0,20.782463
FL-LAX,0.0,129.0,20.93034
FL-LGA,0.0,300.0,32.263424
FL-MCI,0.0,159.0,21.280788
FL-MCO,0.0,209.0,20.665548
FL-MLI,0.0,191.0,20.601439
FL-MSP,0.0,280.0,23.81522
FL-PNS,0.0,188.0,19.184278
FL-ROC,0.0,179.0,20.70754
FL-RSW,0.0,186.0,19.78691
FL-SAN,0.0,92.0,23.711456
FL-SAV,0.0,114.0,20.197952
FL-SJU,11.0,75.0,21.485374
FL-SRQ,0.0,775.0,19.119602
FL-STL,0.0,216.0,22.99052
FL-SWF,0.0,201.0,20.676853
FL-TLH,0.0,71.0,16.642511
HA-ITO,0.0,1444.0,11.913527
HA-KOA,0.0,1403.0,12.218361
HA-LAX,0.0,56.0,18.924555
HA-LIH,0.0,1443.0,9.581511
HA-LNY,0.0,1441.0,92.55017
HA-MKK,0.0,14.0,7.0659723
HA-OGG,0.0,1441.0,12.131433
HA-ONT,10.0,38.0,17.866667
HA-PDX,0.0,76.0,19.261906
HA-PIT,12.0,12.0,12.0
HA-SAN,0.0,69.0,20.905727
HA-SFO,0.0,208.0,21.014317
HP-ANC,0.0,72.0,19.684538
HP-BDL,0.0,159.0,25.02337
HP-BUR,0.0,147.0,17.523079
HP-BWI,0.0,230.0,22.187883
HP-CLE,0.0,180.0,23.920702
HP-CMH,0.0,175.0,18.876497
HP-DCA,0.0,1478.0,21.462788
HP-DFW,0.0,226.0,20.292355
HP-DSM,0.0,73.0,18.001654
HP-EWR,0.0,1459.0,32.259857
HP-FCA,7.0,42.0,15.531646
HP-FLL,0.0,132.0,24.294046
HP-IAD,0.0,289.0,25.781128
HP-LAS,0.0,1318.0,23.234447
HP-LGB,0.0,134.0,19.866934
HP-MIA,0.0,162.0,25.47532
HP-MSY,0.0,85.0,22.805422
HP-OAK,0.0,138.0,17.58621
HP-OMA,0.0,205.0,19.157255
HP-ONT,0.0,188.0,18.481936
HP-ORD,0.0,262.0,24.324562
HP-PHX,0.0,1463.0,22.583162
HP-PIT,0.0,90.0,27.0781
HP-PSP,0.0,52.0,18.172413
HP-RDU,0.0,117.0,22.266647
HP-RSW,0.0,122.0,16.848806
HP-SAN,0.0,201.0,22.13199
HP-SAT,0.0,111.0,20.14294
HP-SEA,0.0,193.0,18.023014
HP-SLC,0.0,155.0,18.551044
HP-SNA,0.0,200.0,18.942856
MQ-ABI,0.0,356.0,18.843264
MQ-AEX,0.0,198.0,21.7
MQ-ALB,0.0,1007.0,25.363516
MQ-AMA,0.0,948.0,19.056616
MQ-ATL,0.0,195.0,29.784624
MQ-AUS,0.0,256.0,15.156175
MQ-AZO,0.0,953.0,20.03363
MQ-BDL,0.0,997.0,19.89473
MQ-BHM,0.0,156.0,25.682486
MQ-BMI,0.0,408.0,20.720116
MQ-BNA,0.0,923.0,19.904524
MQ-BOI,0.0,752.0,28.819565
MQ-BTV,0.0,326.0,22.226667
MQ-CHS,0.0,118.0,21.00072
MQ-CID,0.0,1006.0,20.343506
MQ-CRP,0.0,896.0,18.201637
MQ-CVG,0.0,1010.0,25.000229
MQ-DRO,0.0,607.0,25.40678
MQ-DSM,0.0,953.0,21.332577
MQ-DTW,0.0,662.0,26.428753
MQ-EVV,0.0,973.0,20.982933
MQ-FLL,0.0,124.0,21.124598
MQ-FWA,0.0,930.0,20.651842
MQ-GRK,0.0,193.0,18.07195
MQ-HOU,0.0,894.0,21.389734
MQ-HSV,0.0,929.0,20.94806
MQ-IAH,0.0,1002.0,25.230726
MQ-ISP,0.0,118.0,16.709154
MQ-LAW,0.0,1042.0,21.160673
MQ-LAX,0.0,1445.0,21.73963
MQ-LIT,0.0,1027.0,21.500643
MQ-LNK,0.0,141.0,24.211267
MQ-LRD,0.0,983.0,18.79369
MQ-MCO,0.0,1006.0,20.269167
MQ-MDT,0.0,905.0,22.472021
MQ-MEM,0.0,944.0,23.389341
MQ-MIA,0.0,877.0,20.369377
MQ-MLI,0.0,920.0,20.504349
MQ-MLU,0.0,102.0,21.80306
MQ-MRY,0.0,1038.0,18.945583
MQ-MSP,0.0,405.0,26.873243
MQ-MTJ,0.0,93.0,20.039944
MQ-OKC,0.0,679.0,22.606556
MQ-ORD,0.0,1537.0,22.296022
MQ-ORH,0.0,429.0,18.746479
MQ-PNS,0.0,126.0,18.856892
MQ-PSP,0.0,1001.0,17.052624
MQ-RDU,0.0,1525.0,21.28832
MQ-RST,0.0,362.0,19.988527
MQ-RSW,0.0,173.0,20.203526
MQ-SAT,0.0,83.0,13.673046
MQ-SBP,0.0,992.0,19.54196
MQ-SJC,0.0,1000.0,19.116285
MQ-SJU,0.0,34.0,15.910112
MQ-SNA,0.0,808.0,16.51724
MQ-SPS,0.0,948.0,22.486557
MQ-STL,0.0,238.0,21.017246
MQ-TLH,7.0,63.0,19.402061
MQ-TOL,0.0,952.0,20.527983
MQ-TVC,0.0,957.0,18.825037
MQ-TYR,0.0,151.0,21.202831
MQ-VPS,0.0,169.0,21.723555
NW-ALB,0.0,187.0,23.706793
NW-ANC,0.0,133.0,24.35582
NW-BHM,0.0,177.0,20.210789
NW-BIS,0.0,149.0,16.5473
NW-BNA,0.0,157.0,21.674778
NW-BOI,0.0,134.0,23.541111
NW-BTR,0.0,167.0,18.33634
NW-CHS,0.0,54.0,22.127571
NW-CID,0.0,210.0,16.700998
NW-CLT,0.0,202.0,26.095259
NW-COS,0.0,171.0,24.346567
NW-CVG,0.0,153.0,23.556845
NW-DAY,0.0,187.0,21.441517
NW-DLH,0.0,193.0,18.0056
NW-DSM,0.0,141.0,19.393751
NW-EGE,0.0,154.0,28.123884
NW-FAI,0.0,79.0,23.094034
NW-FCA,0.0,97.0,17.689724
NW-FSD,0.0,185.0,20.124077
NW-GEG,0.0,144.0,22.009233
NW-GRB,0.0,151.0,21.85141
NW-GSP,0.0,110.0,22.995092
NW-GTF,0.0,92.0,14.763744
NW-HLN,0.0,97.0,13.681073
NW-HPN,0.0,158.0,23.365282
NW-IAH,0.0,207.0,25.225256
NW-ICT,0.0,77.0,13.512605
NW-JAC,0.0,169.0,28.01308
NW-JAX,0.0,132.0,22.750692
NW-JFK,0.0,292.0,36.347958
NW-LAN,0.0,177.0,19.868841
NW-LAS,0.0,171.0,25.729935
NW-LAX,0.0,172.0,24.057615
NW-LIT,0.0,147.0,19.117064
NW-MDT,0.0,174.0,22.80159
NW-MDW,0.0,219.0,24.548536
NW-MEM,0.0,199.0,22.69347
NW-MOT,0.0,293.0,17.010271
NW-MSO,0.0,148.0,20.379005
NW-MSY,0.0,162.0,19.529694
NW-PBI,0.0,139.0,24.337576
NW-PDX,0.0,190.0,23.352673
NW-PHX,0.0,162.0,26.532074
NW-PLN,19.0,26.0,23.333334
NW-PVD,0.0,217.0,23.215786
NW-PWM,0.0,138.0,23.430647
NW-RAP,0.0,154.0,17.398283
NW-RNO,0.0,107.0,22.361628
NW-RST,0.0,153.0,16.711916
NW-RSW,0.0,277.0,23.916115
NW-SAN,0.0,137.0,25.875055
NW-SFO,0.0,135.0,25.053509
NW-SJC,0.0,152.0,22.178333
NW-SJU,0.0,138.0,30.596539
NW-SNA,0.0,168.0,24.332531
NW-STL,0.0,195.0,23.99079
NW-STT,12.0,39.0,23.69697
NW-SUX,0.0,77.0,14.74422
NW-TPA,0.0,220.0,23.129377
NW-TVC,0.0,141.0,23.202421
NW-VPS,0.0,161.0,18.573135
NW-XNA,0.0,114.0,18.660624
OH-ABE,0.0,1457.0,25.68441
OH-ABY,0.0,1376.0,101.65
OH-ACK,18.0,86.0,33.214287
OH-ATW,0.0,1456.0,24.780346
OH-AUS,0.0,1449.0,21.015537
OH-AZO,0.0,1455.0,17.086452
OH-BDL,0.0,221.0,22.349356
OH-BHM,0.0,1515.0,20.443401
OH-BOS,0.0,1508.0,28.706114
OH-BTR,0.0,111.0,20.342703
OH-BTV,0.0,1513.0,27.499258
OH-BWI,0.0,1538.0,26.036186
OH-CAE,0.0,1460.0,22.203962
OH-CHS,0.0,1460.0,22.844494
OH-CLE,0.0,1492.0,26.913038
OH-CLT,0.0,1480.0,31.264893
OH-CMH,0.0,1454.0,21.832188
OH-COS,0.0,1461.0,27.32686
OH-DAB,0.0,1466.0,26.937922
OH-DFW,0.0,1453.0,23.309774
OH-DSM,0.0,1470.0,21.464182
OH-ERI,0.0,1499.0,23.687263
OH-EVV,0.0,1549.0,21.422007
OH-FLL,0.0,1471.0,27.782198
OH-FSD,0.0,1454.0,17.27956
OH-FWA,0.0,1500.0,19.959538
OH-GNV,13.0,13.0,13.0
OH-GRB,0.0,2844.0,21.913595
OH-GRR,0.0,1597.0,24.033474
OH-GSO,0.0,1463.0,24.133215
OH-HSV,0.0,1464.0,23.705702
OH-HVN,0.0,1450.0,20.116528
OH-IAD,0.0,1522.0,29.295311
OH-ILM,0.0,1445.0,19.304533
OH-IND,0.0,1455.0,23.772682
OH-JAN,0.0,1454.0,20.213072
OH-MCI,0.0,1456.0,21.403212
OH-MCN,10.0,22.0,16.333334
OH-MCO,0.0,1505.0,23.5157
OH-MDT,0.0,1610.0,24.047976
OH-MDW,0.0,1478.0,32.99229
OH-MEM,0.0,2751.0,23.482166
OH-MHT,0.0,1449.0,23.893747
OH-MIA,0.0,1457.0,24.705896
OH-MLI,0.0,1633.0,26.723274
OH-MOB,0.0,46.0,25.48515
OH-MSP,0.0,1580.0,29.0159
OH-MSY,0.0,1451.0,24.123756
OH-OKC,0.0,1610.0,21.348297
OH-ORF,0.0,1458.0,25.841816
OH-PFN,0.0,1447.0,17.837729
OH-PHF,0.0,87.0,19.501493
OH-PHX,0.0,1316.0,30.146852
OH-PIT,0.0,1463.0,25.023485
OH-PNS,0.0,98.0,16.211552
OH-RDU,0.0,1541.0,24.909252
OH-ROC,0.0,1560.0,31.875528
OH-RSW,0.0,209.0,20.474415
OH-SAT,0.0,1454.0,21.412537
OH-SBN,0.0,1542.0,20.012081
OH-SCE,0.0,1456.0,19.745258
OH-SDF,0.0,2829.0,23.31739
OH-SEA,0.0,1229.0,34.532608
OH-SHV,0.0,1444.0,29.793156
OH-SLC,0.0,2831.0,73.39709
OH-SRQ,0.0,1480.0,22.961145
OH-SYR,0.0,1547.0,24.67781
OH-TPA,0.0,1454.0,21.672733
OH-TRI,0.0,1463.0,20.004261
OH-TTN,0.0,171.0,22.875437
OH-TUL,0.0,1454.0,20.653654
OH-TYS,0.0,1466.0,22.593964
OH-VPS,0.0,1462.0,36.610466
OO-ABE,0.0,168.0,21.749815
OO-ACT,0.0,81.0,14.262433
OO-ALB,0.0,149.0,23.204494
OO-AMA,17.0,17.0,17.0
OO-ASE,0.0,198.0,19.911009
OO-AVP,0.0,131.0,23.570288
OO-AZO,0.0,197.0,23.06602
OO-BDL,0.0,99.0,17.342691
OO-BHM,0.0,190.0,22.88664
OO-BNA,0.0,255.0,22.315521
OO-BOI,0.0,297.0,16.71254
OO-BTM,0.0,130.0,14.892146
OO-BTR,15.0,15.0,15.0
OO-BTV,0.0,164.0,22.657728
OO-BUF,0.0,151.0,25.030495
OO-BZN,0.0,206.0,19.120417
OO-CAK,0.0,143.0,26.546543
OO-CDC,0.0,167.0,13.274194
OO-CEC,0.0,120.0,13.461746
OO-CLL,0.0,121.0,14.659907
OO-CMH,0.0,138.0,20.176905
OO-COS,0.0,263.0,21.96445
OO-CRW,0.0,253.0,22.77823
OO-DAB,0.0,76.0,23.492064
OO-DAY,0.0,155.0,25.472181
OO-DFW,0.0,1466.0,24.086315
OO-DTW,0.0,273.0,27.864368
OO-ELP,0.0,148.0,18.424885
OO-EUG,0.0,181.0,14.522415
OO-FLL,0.0,36.0,25.805195
OO-FNT,6.0,57.0,14.711063
OO-FSD,0.0,177.0,20.86826
OO-FWA,0.0,189.0,22.9432
OO-GEG,0.0,142.0,14.086546
OO-GJT,0.0,1050.0,14.674051
OO-GRR,0.0,220.0,20.88247
OO-GTF,0.0,157.0,15.796055
OO-GUC,0.0,160.0,30.79227
OO-HOU,0.0,139.0,23.647202
OO-IND,0.0,209.0,23.606922
OO-LAS,0.0,664.0,17.893915
OO-LAX,0.0,1451.0,17.590992
OO-LEX,0.0,216.0,23.879438
OO-LIT,0.0,113.0,20.827833
OO-LMT,4.0,76.0,17.56504
OO-LNK,0.0,180.0,19.909254
OO-MBS,0.0,192.0,23.38567
OO-MKG,6.0,35.0,12.566667
OO-MRY,0.0,485.0,15.284818
OO-MSN,0.0,235.0,22.728798
OO-MSO,0.0,136.0,16.902533
OO-MSP,0.0,198.0,23.236528
OO-OKC,0.0,218.0,19.355309
OO-ONT,0.0,183.0,17.399048
OO-ORD,0.0,1344.0,24.373045
OO-ORF,0.0,189.0,22.382927
OO-PDX,0.0,1095.0,12.681627
OO-PIA,0.0,272.0,23.215414
OO-PUB,0.0,14.0,9.0
OO-PVU,0.0,0.0,0.0
OO-PWM,0.0,153.0,27.483871
OO-RDU,0.0,110.0,22.477316
OO-RKS,7.0,161.0,17.01266
OO-RNO,0.0,628.0,15.932248
OO-SAN,0.0,121.0,16.235502
OO-SBA,0.0,170.0,14.963432
OO-SDF,0.0,201.0,24.768223
OO-SGF,0.0,219.0,20.927187
OO-SGU,0.0,505.0,14.504544
OO-SJT,0.0,77.0,14.613729
OO-SPI,0.0,229.0,21.484009
OO-STL,0.0,139.0,22.221252
OO-TUL,0.0,186.0,19.691517
OO-TUS,0.0,187.0,17.606556
OO-TVC,0.0,249.0,21.939478
OO-TYR,0.0,50.0,14.126189
OO-TYS,0.0,223.0,23.4471
OO-VCT,0.0,71.0,14.326777
OO-VIS,0.0,37.0,9.462117
OO-WYS,0.0,37.0,12.813611
OO-YUM,0.0,141.0,14.934864
TW-ANC,0.0,58.0,21.37395
TW-ATL,0.0,112.0,21.924335
TW-BDL,0.0,200.0,20.201365
TW-BNA,0.0,120.0,19.308142
TW-CID,0.0,190.0,15.973462
TW-COS,0.0,104.0,21.908537
TW-DAY,0.0,154.0,19.26556
TW-DCA,0.0,141.0,21.889767
TW-DFW,0.0,239.0,20.943764
TW-ELP,0.0,71.0,18.699453
TW-EWR,0.0,442.0,31.650635
TW-IAD,0.0,131.0,23.750334
TW-IAH,0.0,72.0,19.50495
TW-IND,0.0,140.0,22.084253
TW-JFK,0.0,414.0,30.090633
TW-LAX,0.0,162.0,20.849623
TW-MCO,0.0,147.0,20.443705
TW-MFE,0.0,70.0,13.942623
TW-MKE,0.0,144.0,17.505905
TW-MLI,0.0,196.0,15.2579
TW-MSY,0.0,65.0,16.786884
TW-OGG,0.0,43.0,14.619529
TW-OKC,0.0,111.0,17.78558
TW-OMA,0.0,72.0,17.110582
TW-ORF,0.0,123.0,17.60478
TW-PBI,0.0,82.0,17.722544
TW-PDX,0.0,96.0,21.500956
TW-PHX,0.0,105.0,20.66697
TW-RDU,0.0,122.0,18.847034
TW-SAT,0.0,80.0,18.350609
TW-SDF,0.0,111.0,17.431704
TW-SJC,0.0,67.0,22.940996
TW-SMF,0.0,77.0,19.95526
TW-SNA,0.0,231.0,24.452173
TW-TPA,0.0,88.0,19.571098
TW-TYS,0.0,150.0,14.796721
TZ-ABQ,22.0,22.0,22.0
TZ-BWI,18.0,23.0,20.5
TZ-CLT,0.0,206.0,26.239405
TZ-DCA,0.0,188.0,22.318832
TZ-DEN,0.0,217.0,23.061302
TZ-EWR,0.0,242.0,33.18739
TZ-FLL,0.0,201.0,25.821806
TZ-ITO,12.0,35.0,19.554167
TZ-KOA,13.0,47.0,25.130434
TZ-LAS,0.0,143.0,26.123507
TZ-MCO,0.0,166.0,21.655523
TZ-MDW,0.0,274.0,24.810694
TZ-MIA,0.0,138.0,27.467062
TZ-ONT,0.0,172.0,21.528225
TZ-ORD,0.0,0.0,0.0
TZ-PHX,0.0,261.0,23.17448
TZ-PIE,0.0,194.0,20.333967
TZ-RSW,0.0,96.0,20.64167
TZ-SEA,0.0,242.0,24.05045
TZ-SFO,0.0,156.0,20.745882
TZ-SJC,0.0,207.0,22.534985
UA-ABQ,0.0,273.0,17.982994
UA-ALB,0.0,235.0,22.024586
UA-ANC,0.0,115.0,19.514091
UA-ATL,0.0,252.0,27.679947
UA-AUS,0.0,228.0,19.1323
UA-BHM,0.0,48.0,18.473186
UA-BNA,0.0,148.0,20.049171
UA-BOI,0.0,213.0,17.966005
UA-BOS,0.0,268.0,25.35511
UA-BTV,0.0,204.0,20.017254
UA-BUF,0.0,314.0,21.174393
UA-BWI,0.0,332.0,22.799046
UA-CLT,0.0,267.0,27.141104
UA-COS,0.0,148.0,20.560215
UA-DFW,0.0,304.0,23.147425
UA-DSM,0.0,262.0,20.026693
UA-DTW,0.0,400.0,26.378216
UA-EUG,0.0,73.0,14.772364
UA-EWR,0.0,302.0,31.490564
UA-FLL,0.0,277.0,26.060106
UA-GSO,0.0,210.0,24.730808
UA-GUC,0.0,85.0,21.55944
UA-HDN,0.0,105.0,27.372465
UA-HNL,0.0,126.0,23.61398
UA-IAD,0.0,321.0,25.049706
UA-IAH,0.0,243.0,22.779833
UA-ICT,0.0,126.0,19.122572
UA-JAX,0.0,155.0,23.065958
UA-JFK,0.0,351.0,35.556118
UA-LAX,0.0,290.0,23.127535
UA-LIH,0.0,129.0,14.9497795
UA-MCI,0.0,345.0,21.151686
UA-MDT,0.0,161.0,20.02031
UA-MDW,0.0,178.0,23.916206
UA-MFR,0.0,112.0,15.326894
UA-MKE,0.0,131.0,17.774567
UA-MSP,0.0,330.0,24.096176
UA-OAK,0.0,234.0,20.85636
UA-OKC,0.0,164.0,17.413254
UA-OMA,0.0,183.0,19.9639
UA-ORD,0.0,392.0,25.172998
UA-PBI,0.0,1514.0,22.447165
UA-PHX,0.0,231.0,21.488735
UA-PSP,0.0,118.0,20.064342
UA-RAP,7.0,93.0,22.18919
UA-RDU,0.0,230.0,22.485641
UA-ROC,0.0,269.0,21.627409
UA-RSW,0.0,252.0,23.446608
UA-SAN,0.0,207.0,21.184052
UA-SDF,0.0,46.0,19.025158
UA-SEA,0.0,262.0,21.632494
UA-SJC,0.0,195.0,22.698692
UA-SJU,0.0,152.0,26.522161
UA-SNA,0.0,388.0,23.575962
UA-STT,0.0,170.0,22.052513
UA-TUS,0.0,168.0,18.067183
UA-TYS,0.0,83.0,19.216505
US-ABE,0.0,207.0,17.9352
US-AGS,8.0,34.0,17.4
US-AUS,0.0,81.0,23.447031
US-BDL,0.0,216.0,19.286793
US-BGR,40.0,40.0,40.0
US-BNA,0.0,182.0,18.450375
US-BOI,0.0,92.0,19.861301
US-BTV,0.0,220.0,18.794739
US-BUF,0.0,206.0,17.73653
US-BWI,0.0,257.0,18.93005
US-CAE,0.0,92.0,15.440814
US-CHA,0.0,55.0,13.533954
US-CLE,0.0,153.0,20.65713
US-CLT,0.0,343.0,22.49507
US-CMH,0.0,204.0,18.943853
US-CRW,0.0,57.0,13.408377
US-CVG,0.0,0.0,0.0
US-DAB,11.0,31.0,17.59091
US-DAY,0.0,172.0,18.028059
US-DFW,0.0,293.0,23.162107
US-ERI,0.0,52.0,14.323288
US-EWR,0.0,294.0,27.462639
US-EYW,0.0,38.0,9.112281
US-FAT,0.0,61.0,20.97198
US-GEG,0.0,199.0,19.349237
US-GRR,0.0,49.0,13.571977
US-GSP,0.0,179.0,16.147438
US-ILM,0.0,190.0,15.55813
US-KOA,0.0,72.0,17.618778
US-LAS,0.0,236.0,26.117756
US-LEX,0.0,66.0,13.793103
US-LIH,0.0,56.0,17.570738
US-MDW,0.0,199.0,19.866566
US-MEM,0.0,170.0,16.144289
US-MHT,0.0,215.0,18.983725
US-MIA,0.0,221.0,22.309246
US-MSY,0.0,192.0,17.417395
US-OAK,0.0,94.0,19.27146
US-ORD,0.0,330.0,24.457226
US-PWM,0.0,189.0,17.881266
US-RDU,0.0,235.0,18.686745
US-RIC,0.0,207.0,17.920782
US-RSW,0.0,239.0,18.251554
US-SAT,0.0,103.0,23.134075
US-SDF,0.0,185.0,17.634527
US-SEA,0.0,173.0,21.792942
US-SJU,0.0,138.0,23.38244
US-SLC,0.0,123.0,21.191196
US-SRQ,0.0,172.0,16.26506
US-STL,0.0,199.0,22.222849
US-TOL,0.0,62.0,15.680355
WN-ALB,0.0,221.0,13.231723
WN-AMA,0.0,142.0,10.510307
WN-BDL,0.0,175.0,14.137549
WN-BNA,0.0,232.0,13.267562
WN-BOI,0.0,80.0,11.744266
WN-BUR,0.0,193.0,14.00875
WN-BWI,0.0,282.0,14.5723715
WN-CMH,0.0,210.0,12.589548
WN-CRP,0.0,154.0,11.226447
WN-DAL,0.0,245.0,11.675008
WN-FLL,0.0,210.0,18.09527
WN-HOU,0.0,235.0,11.736827
WN-HRL,0.0,112.0,10.105058
WN-IAD,0.0,148.0,17.672152
WN-IAH,0.0,127.0,12.685989
WN-ISP,0.0,255.0,12.880757
WN-JAN,0.0,309.0,11.6350155
WN-JAX,0.0,174.0,12.780629
WN-LAX,0.0,181.0,13.175279
WN-MCI,0.0,215.0,13.488218
WN-MHT,0.0,194.0,14.386288
WN-MSY,0.0,164.0,11.43328
WN-OAK,0.0,221.0,13.4464245
WN-OKC,0.0,121.0,11.272107
WN-PDX,0.0,221.0,12.779121
WN-PVD,0.0,183.0,14.431245
WN-RSW,0.0,141.0,14.459872
WN-SAN,0.0,184.0,14.882265
WN-SDF,0.0,182.0,12.526566
WN-SEA,0.0,149.0,16.023815
WN-SFO,0.0,189.0,17.125938
WN-SMF,0.0,206.0,12.528835
WN-TUS,0.0,111.0,13.242812
XE-ABI,0.0,60.0,19.055172
XE-ABQ,0.0,188.0,20.218912
XE-AGS,0.0,259.0,23.417835
XE-AMA,0.0,328.0,21.160622
XE-ATL,0.0,264.0,27.984861
XE-AVL,0.0,431.0,27.23621
XE-BDL,0.0,267.0,25.321482
XE-BFL,0.0,331.0,19.672285
XE-BGR,0.0,304.0,32.878223
XE-BIL,0.0,43.0,18.696428
XE-BNA,0.0,274.0,24.072659
XE-BOS,0.0,166.0,27.130804
XE-BPT,0.0,163.0,18.28374
XE-BRO,0.0,280.0,21.978289
XE-BTR,0.0,275.0,22.06623
XE-BUF,0.0,262.0,23.268282
XE-CHA,0.0,267.0,22.505764
XE-CHS,0.0,257.0,25.143667
XE-CLL,0.0,311.0,19.006063
XE-CLT,0.0,406.0,29.357622
XE-CMH,0.0,271.0,21.747868
XE-COS,0.0,272.0,24.832289
XE-CRW,0.0,124.0,21.30155
XE-CVG,0.0,293.0,27.324345
XE-DAB,0.0,269.0,25.320927
XE-DAL,0.0,255.0,22.242695
XE-DAY,0.0,339.0,23.685904
XE-DCA,0.0,209.0,25.10263
XE-DFW,0.0,238.0,25.42614
XE-DRO,9.0,73.0,19.348314
XE-DSM,0.0,170.0,23.057804
XE-DTW,0.0,270.0,29.050919
XE-EFD,0.0,163.0,17.426954
XE-ELP,0.0,168.0,22.449509
XE-EUG,0.0,62.0,20.68301
XE-FCA,0.0,105.0,18.845795
XE-GEG,0.0,105.0,18.542488
XE-GRK,0.0,206.0,25.77454
XE-GUC,0.0,47.0,20.993711
XE-IAH,0.0,1535.0,24.32105
XE-ICT,0.0,250.0,22.577854
XE-ILE,0.0,56.0,17.571428
XE-ISP,0.0,173.0,22.088545
XE-LBB,0.0,267.0,22.492334
XE-LFT,0.0,446.0,22.44809
XE-LGB,0.0,55.0,17.171288
XE-LIT,0.0,473.0,23.07651
XE-MAF,0.0,206.0,21.17427
XE-MCI,0.0,241.0,21.209219
XE-MDT,0.0,229.0,20.643215
XE-MDW,0.0,197.0,23.111927
XE-MHT,0.0,234.0,26.298452
XE-MIA,0.0,171.0,23.159737
XE-MKE,0.0,235.0,24.072826
XE-MYR,0.0,158.0,21.794163
XE-OAK,0.0,119.0,28.175062
XE-OKC,0.0,291.0,21.23241
XE-OMA,0.0,264.0,24.150894
XE-ONT,0.0,111.0,17.84272
XE-PDX,11.0,147.0,27.5
XE-PHL,0.0,338.0,29.79808
XE-PNS,0.0,232.0,20.071625
XE-RAP,0.0,58.0,25.085714
XE-RDU,0.0,339.0,22.948551
XE-RIC,0.0,240.0,24.495537
XE-SAN,0.0,92.0,16.394224
XE-SAV,0.0,399.0,25.566683
XE-SBA,0.0,29.0,13.267676
XE-SHV,0.0,273.0,19.146088
XE-SJT,0.0,82.0,19.571428
XE-SLC,0.0,179.0,26.781818
XE-SMF,0.0,149.0,19.988846
XE-SRQ,0.0,158.0,21.511759
XE-STL,0.0,206.0,23.658638
XE-TLH,0.0,229.0,19.476763
XE-TUL,0.0,371.0,20.904634
XE-TYR,0.0,48.0,18.930635
XE-TYS,0.0,219.0,22.697884
YV-ABE,0.0,115.0,21.028708
YV-ABQ,0.0,112.0,21.784246
YV-AGS,11.0,40.0,21.928572
YV-ALB,0.0,93.0,22.970043
YV-ASE,0.0,132.0,17.136059
YV-BDL,0.0,296.0,23.904827
YV-BHM,0.0,214.0,22.861567
YV-BMI,0.0,221.0,23.546303
YV-BNA,0.0,221.0,23.386225
YV-BOS,0.0,150.0,25.533138
YV-CAK,0.0,161.0,23.925262
YV-CID,0.0,154.0,22.340654
YV-CLE,0.0,148.0,24.36834
YV-CMH,0.0,76.0,21.924429
YV-COD,0.0,198.0,22.613844
YV-COS,0.0,146.0,21.806997
YV-CPR,0.0,184.0,20.099266
YV-CRW,0.0,36.0,22.037037
YV-CVG,0.0,36.0,25.3
YV-CWA,0.0,118.0,19.590462
YV-DAY,5.0,60.0,24.239437
YV-DCA,0.0,48.0,21.84804
YV-DFW,0.0,139.0,25.620468
YV-DSM,0.0,167.0,22.773355
YV-DTW,0.0,177.0,25.009132
YV-EGE,0.0,187.0,21.278027
YV-ELP,0.0,119.0,23.283363
YV-EUG,0.0,95.0,17.507288
YV-EWR,0.0,202.0,29.661316
YV-FAY,10.0,78.0,24.030304
YV-FCA,0.0,33.0,16.533333
YV-FLG,0.0,210.0,19.60658
YV-GCC,8.0,123.0,22.2478
YV-GEG,0.0,77.0,18.185463
YV-GJT,0.0,148.0,19.965092
YV-GUC,0.0,97.0,18.641064
YV-HSV,0.0,128.0,21.42903
YV-IAD,0.0,223.0,25.216768
YV-IAH,0.0,190.0,25.592535
YV-ICT,0.0,138.0,23.045858
YV-ILM,0.0,144.0,20.210485
YV-ITO,0.0,54.0,14.021048
YV-JAX,0.0,102.0,20.080704
YV-LAS,0.0,147.0,24.360086
YV-LAX,0.0,90.0,21.364384
YV-LEX,0.0,41.0,19.312038
YV-LGA,0.0,211.0,31.112507
YV-LNK,0.0,248.0,21.27955
YV-MBS,0.0,145.0,21.31509
YV-MCI,0.0,147.0,22.145247
YV-MDT,0.0,166.0,20.65649
YV-MDW,0.0,174.0,25.628204
YV-MGM,0.0,53.0,17.05983
YV-MKE,0.0,98.0,25.503836
YV-MLI,0.0,116.0,21.647942
YV-MRY,0.0,79.0,19.217863
YV-MSN,0.0,212.0,23.775913
YV-MTJ,0.0,83.0,20.560514
YV-OAJ,0.0,38.0,15.961538
YV-OAK,0.0,96.0,19.909761
YV-OMA,0.0,76.0,21.301191
YV-ONT,0.0,70.0,20.038807
YV-PHX,0.0,229.0,24.072376
YV-PIT,0.0,192.0,25.024338
YV-PNS,0.0,141.0,19.540024
YV-PVD,0.0,130.0,21.130814
YV-PWM,0.0,178.0,21.779322
YV-RAP,0.0,116.0,19.225042
YV-RDU,0.0,183.0,23.666355
YV-RKS,8.0,81.0,21.492453
YV-RNO,0.0,86.0,19.808676
YV-ROC,0.0,133.0,21.644512
YV-SAN,0.0,150.0,24.521715
YV-SBA,0.0,118.0,19.497438
YV-SBN,0.0,247.0,21.26149
YV-SDF,0.0,118.0,27.25459
YV-SEA,0.0,62.0,22.523893
YV-SLC,0.0,141.0,21.364552
YV-SMF,0.0,80.0,22.982584
YV-SNA,0.0,72.0,21.583761
YV-SPI,0.0,129.0,22.783869
YV-SYR,0.0,154.0,23.529314
YV-TEX,0.0,125.0,20.84268
YV-TVC,0.0,101.0,22.074953
YV-TYS,0.0,100.0,22.421053
